date,strategy,ticker,entry_price,company
2026-03-30,IV Discount,CMCSA,28.33,Comcast Corporation
2026-03-30,IV Discount,T,29.09,AT&T Inc.
2026-03-30,IV Discount,TBB,21.51,AT&T Inc. 5.35% GLB NTS 66
2026-03-30,IV Discount,TFC,44.53,Truist Financial Corporation
2026-03-30,IV Discount,CI,261.96,Cigna Corporation
2026-03-30,Quality Compounders,ADBE,234.84,Adobe Inc.
2026-03-30,Quality Compounders,HIG,132.32,The Hartford Financial Service
2026-03-30,Quality Compounders,ALL,202.71,The Allstate Corporation
2026-03-30,Quality Compounders,GFI,42.33,Gold Fields Limited
2026-03-30,Quality Compounders,APP,381.2,AppLovin Corporation
2026-03-30,Stalwarts,HIG,132.32,The Hartford Financial Service
2026-03-30,Stalwarts,UBER,69.18,"Uber Technologies, Inc."
2026-03-30,Stalwarts,ADBE,234.84,Adobe Inc.
2026-03-30,Stalwarts,CCL,24.19,Carnival Corporation & plc
2026-03-30,Stalwarts,TRV,285.27,"The Travelers Companies, Inc."
2026-03-30,Fast Growers,MFC,33.63,Manulife Financial Corporation
2026-03-30,Fast Growers,PUK,27.78,Prudential plc
2026-03-30,Fast Growers,VG,17.53,"Venture Global, Inc."
2026-03-30,Fast Growers,BNS,67.71,The Bank of Nova Scotia
2026-03-30,Fast Growers,GFI,42.33,Gold Fields Limited
2026-03-30,Turnarounds,CI,261.96,Cigna Corporation
2026-03-30,Turnarounds,SLF,61.37,Sun Life Financial Inc.
2026-03-30,Turnarounds,TFC,44.53,Truist Financial Corporation
2026-03-30,Turnarounds,ACGL,93.42,Arch Capital Group Ltd.
2026-03-30,Turnarounds,UBER,69.18,"Uber Technologies, Inc."
2026-03-30,Slow Growers,NTES,109.26,"NetEase, Inc."
2026-03-30,Slow Growers,MPLX,58.13,MPLX Lp
2026-03-30,Slow Growers,BMY,58.54,Bristol-Myers Squibb Company
2026-03-30,Slow Growers,MO,66.48,"Altria Group, Inc."
2026-03-30,Slow Growers,ALL,202.71,The Allstate Corporation
2026-03-30,Cyclicals,ALL,202.71,The Allstate Corporation
2026-03-30,Cyclicals,PYPL,43.59,"PayPal Holdings, Inc."
2026-03-30,Cyclicals,PBR,20.77,Petróleo Brasileiro S.A. - Pet
2026-03-30,Cyclicals,HIG,132.32,The Hartford Financial Service
2026-03-30,Cyclicals,ACGL,93.42,Arch Capital Group Ltd.
2026-03-30,Asset Plays,VOD,14.49,Vodafone Group Public Limited 
2026-03-30,Asset Plays,MT,49.62,ArcelorMittal S.A.
2026-03-30,Asset Plays,COF,176.1,Capital One Financial Corporat
2026-03-30,Asset Plays,BCS,20.24,Barclays PLC
2026-03-30,Asset Plays,TFC,44.53,Truist Financial Corporation
2026-03-30,IV Discount,SLF,61.37,Sun Life Financial Inc.
2026-03-30,IV Discount,ACGL,93.42,Arch Capital Group Ltd.
2026-03-30,IV Discount,PBR,20.77,Petróleo Brasileiro S.A. - Pet
2026-03-30,Turnarounds,ELV,286.39,Elevance Health Inc.
2026-03-30,IV Discount,JBS,17.03,JBS N.V.
2026-03-30,IV Discount,CFG,57.78,"Citizens Financial Group, Inc."
2026-03-30,IV Discount,UAL,88.44,"United Airlines Holdings, Inc."
2026-03-30,Stalwarts,GDDY,79.97,GoDaddy Inc.
2026-03-30,Stalwarts,CNQ,50.09,Canadian Natural Resources Lim
2026-03-30,Fast Growers,NBIS,100.82,Nebius Group N.V.
2026-03-30,Fast Growers,ENLT,65.99,Enlight Renewable Energy Ltd
2026-03-30,Turnarounds,JBS,17.03,JBS N.V.
2026-03-30,Turnarounds,BAH,78.49,Booz Allen Hamilton Holding Co
2026-03-30,Turnarounds,SFD,26.69,"Smithfield Foods, Inc."
2026-03-30,Slow Growers,EWBC,103.96,"East West Bancorp, Inc."
2026-03-30,Slow Growers,CIB,69.98,Grupo Cibest S.A.
2026-03-30,Slow Growers,RF,25.16,Regions Financial Corporation
2026-03-30,Cyclicals,UAL,88.44,"United Airlines Holdings, Inc."
2026-03-30,Cyclicals,SYF,65.36,Synchrony Financial
2026-03-30,Asset Plays,KT,21.53,KT Corporation
2026-03-30,Asset Plays,FCNCN,24.48,"First Citizens BancShares, Inc"
2026-03-30,Asset Plays,KEP,14.87,Korea Electric Power Corporati
2026-03-30,Asset Plays,EG,317.93,"Everest Re Group, Ltd."
2026-03-30,Asset Plays,BNT,40.6,Brookfield Wealth Solutions Lt
2026-03-30,IV Discount,ATAT,34.92,Atour Lifestyle Holdings Limit
2026-03-30,IV Discount,TDW,82.4,Tidewater Inc.
2026-03-30,IV Discount,FNB,16.18,F.N.B. Corporation
2026-03-30,Quality Compounders,PEGA,40.31,Pegasystems Inc.
2026-03-30,Quality Compounders,ATAT,34.92,Atour Lifestyle Holdings Limit
2026-03-30,Quality Compounders,QLYS,85.63,"Qualys, Inc."
2026-03-30,Stalwarts,MORN,156.81,"Morningstar, Inc."
2026-03-30,Stalwarts,CACC,419.49,Credit Acceptance Corporation
2026-03-30,Stalwarts,G,36.58,Genpact Limited
2026-03-30,Fast Growers,ARWR,57.78,"Arrowhead Pharmaceuticals, Inc"
2026-03-30,Fast Growers,RCD,18.72,Ready Capital Corporation Note
2026-03-30,Fast Growers,MNSO,15.89,MINISO Group Holding Limited
2026-03-30,Fast Growers,ONDS,8.8,Ondas Holdings Inc.
2026-03-30,Turnarounds,ATAT,34.92,Atour Lifestyle Holdings Limit
2026-03-30,Turnarounds,CVSA,114.61,Covista Inc.
2026-03-30,Slow Growers,WU,8.73,The Western Union Company
2026-03-30,Slow Growers,FBP,20.86,First BanCorp.
2026-03-30,Cyclicals,SLM,20.36,SLM Corporation
2026-03-30,Cyclicals,OMF,51.55,"OneMain Holdings, Inc."
2026-03-30,Cyclicals,HG,28.61,"Hamilton Insurance Group, Ltd."
2026-03-30,Asset Plays,MCHB,14.37,Mechanics Bank
2026-03-30,Asset Plays,NMIH,36.86,"NMI Holdings, Inc."
2026-03-30,Asset Plays,GNW,7.99,"Genworth Financial, Inc."
2026-03-30,Fast Growers,DLO,12.27,DLocal Limited
2026-03-30,Fast Growers,TGTX,31.75,"TG Therapeutics, Inc."
2026-03-30,Fast Growers,PLMR,116.83,"Palomar Holdings, Inc."
2026-03-30,Fast Growers,FUTU,133.94,Futu Holdings Limited
2026-03-30,Fast Growers,CNX,40.58,CNX Resources Corporation
2026-03-30,Asset Plays,TTAN,60.39,"ServiceTitan, Inc."
2026-03-30,IV Discount,HRB,31.21,"H&R Block, Inc."
2026-03-30,IV Discount,BAH,78.49,Booz Allen Hamilton Holding Co
2026-03-30,IV Discount,MTG,25.72,MGIC Investment Corporation
2026-03-30,IV Discount,CALM,77.12,"Cal-Maine Foods, Inc."
2026-03-31,IV Discount,HRB,31.21,"H&R Block, Inc."
2026-03-31,IV Discount,BAH,78.49,Booz Allen Hamilton Holding Co
2026-03-31,IV Discount,ACGL,93.42,Arch Capital Group Ltd.
2026-03-31,IV Discount,MTG,25.72,MGIC Investment Corporation
2026-03-31,IV Discount,CALM,77.12,"Cal-Maine Foods, Inc."
2026-03-31,Quality Compounders,PEGA,40.31,Pegasystems Inc.
2026-03-31,Quality Compounders,ADBE,234.84,Adobe Inc.
2026-03-31,Quality Compounders,ATAT,34.92,Atour Lifestyle Holdings Limit
2026-03-31,Quality Compounders,QLYS,85.63,"Qualys, Inc."
2026-03-31,Quality Compounders,HIG,132.32,The Hartford Financial Service
2026-03-31,Stalwarts,HIG,132.32,The Hartford Financial Service
2026-03-31,Stalwarts,GDDY,79.97,GoDaddy Inc.
2026-03-31,Stalwarts,MORN,156.81,"Morningstar, Inc."
2026-03-31,Stalwarts,CACC,419.49,Credit Acceptance Corporation
2026-03-31,Stalwarts,G,36.58,Genpact Limited
2026-03-31,Fast Growers,DLO,12.27,DLocal Limited
2026-03-31,Fast Growers,TGTX,31.75,"TG Therapeutics, Inc."
2026-03-31,Fast Growers,PLMR,116.83,"Palomar Holdings, Inc."
2026-03-31,Fast Growers,FUTU,133.94,Futu Holdings Limited
2026-03-31,Fast Growers,CNX,40.58,CNX Resources Corporation
2026-03-31,Turnarounds,CQP,64.92,"Cheniere Energy Partners, L.P."
2026-03-31,Turnarounds,DUOL,95.35,"Duolingo, Inc."
2026-03-31,Turnarounds,DLO,12.27,DLocal Limited
2026-03-31,Turnarounds,RELY,15.01,"Remitly Global, Inc."
2026-03-31,Turnarounds,LNG,296.91,"Cheniere Energy, Inc."
2026-03-31,Slow Growers,WU,8.73,The Western Union Company
2026-03-31,Slow Growers,FBP,20.86,First BanCorp.
2026-03-31,Slow Growers,NTES,109.26,"NetEase, Inc."
2026-03-31,Slow Growers,EWBC,103.96,"East West Bancorp, Inc."
2026-03-31,Slow Growers,MPLX,58.13,MPLX Lp
2026-03-31,Cyclicals,NOV,19.88,NOV Inc.
2026-03-31,Cyclicals,ECCC,24.55,Eagle Point Credit Company Inc
2026-03-31,Cyclicals,NVG,11.98,Nuveen AMT-Free Municipal Cred
2026-03-31,Cyclicals,ECCU,24.61,Eagle Point Credit Company Inc
2026-03-31,Cyclicals,APLE,11.49,"Apple Hospitality REIT, Inc."
2026-03-31,Asset Plays,MCHB,14.37,Mechanics Bank
2026-03-31,Asset Plays,GNW,7.99,"Genworth Financial, Inc."
2026-03-31,Asset Plays,NMIH,36.86,"NMI Holdings, Inc."
2026-03-31,Asset Plays,TTAN,60.39,"ServiceTitan, Inc."
2026-03-31,Asset Plays,FCNCN,24.48,"First Citizens BancShares, Inc"
2026-03-31,IV Discount,RNR,292.21,RenaissanceRe Holdings Ltd.
2026-03-31,IV Discount,CQP,64.92,"Cheniere Energy Partners, L.P."
2026-03-31,Quality Compounders,HALO,61.63,"Halozyme Therapeutics, Inc."
2026-03-31,Quality Compounders,KGC,28.73,Kinross Gold Corporation
2026-03-31,Stalwarts,CF,136.45,"CF Industries Holdings, Inc."
2026-03-31,Stalwarts,CQP,64.92,"Cheniere Energy Partners, L.P."
2026-03-31,Cyclicals,SBLK,22.25,Star Bulk Carriers Corp.
2026-03-31,Cyclicals,MHK,96.26,"Mohawk Industries, Inc."
2026-03-31,Cyclicals,SMG,60.65,The Scotts Miracle-Gro Company
2026-03-31,Asset Plays,TKC,5.99,Turkcell Iletisim Hizmetleri A
2026-03-31,Asset Plays,ARE,46.04,Alexandria Real Estate Equitie
2026-03-31,Asset Plays,RNR,292.21,RenaissanceRe Holdings Ltd.
2026-03-31,Asset Plays,GGB,3.42,Gerdau S.A.
2026-04-01,IV Discount,RNR,292.21,RenaissanceRe Holdings Ltd.
2026-04-01,IV Discount,HRB,31.21,"H&R Block, Inc."
2026-04-01,IV Discount,BAH,78.49,Booz Allen Hamilton Holding Co
2026-04-01,IV Discount,ACGL,93.42,Arch Capital Group Ltd.
2026-04-01,IV Discount,CQP,64.92,"Cheniere Energy Partners, L.P."
2026-04-01,Quality Compounders,HALO,61.63,"Halozyme Therapeutics, Inc."
2026-04-01,Quality Compounders,PEGA,40.31,Pegasystems Inc.
2026-04-01,Quality Compounders,KGC,28.73,Kinross Gold Corporation
2026-04-01,Quality Compounders,ADBE,234.84,Adobe Inc.
2026-04-01,Quality Compounders,ATAT,34.92,Atour Lifestyle Holdings Limit
2026-04-01,Stalwarts,HIG,132.32,The Hartford Financial Service
2026-04-01,Stalwarts,CF,136.45,"CF Industries Holdings, Inc."
2026-04-01,Stalwarts,GDDY,79.97,GoDaddy Inc.
2026-04-01,Stalwarts,MORN,156.81,"Morningstar, Inc."
2026-04-01,Stalwarts,CQP,64.92,"Cheniere Energy Partners, L.P."
2026-04-01,Fast Growers,DLO,12.27,DLocal Limited
2026-04-01,Fast Growers,TGTX,31.75,"TG Therapeutics, Inc."
2026-04-01,Fast Growers,PLMR,116.83,"Palomar Holdings, Inc."
2026-04-01,Fast Growers,FUTU,133.94,Futu Holdings Limited
2026-04-01,Fast Growers,CNX,40.58,CNX Resources Corporation
2026-04-01,Turnarounds,CQP,64.92,"Cheniere Energy Partners, L.P."
2026-04-01,Turnarounds,DUOL,95.35,"Duolingo, Inc."
2026-04-01,Turnarounds,DLO,12.27,DLocal Limited
2026-04-01,Turnarounds,RELY,15.01,"Remitly Global, Inc."
2026-04-01,Turnarounds,LNG,296.91,"Cheniere Energy, Inc."
2026-04-01,Slow Growers,WU,8.73,The Western Union Company
2026-04-01,Slow Growers,FBP,20.86,First BanCorp.
2026-04-01,Slow Growers,NTES,109.26,"NetEase, Inc."
2026-04-01,Slow Growers,EWBC,103.96,"East West Bancorp, Inc."
2026-04-01,Slow Growers,MPLX,58.13,MPLX Lp
2026-04-01,Cyclicals,NOV,19.88,NOV Inc.
2026-04-01,Cyclicals,APLE,11.49,"Apple Hospitality REIT, Inc."
2026-04-01,Cyclicals,SBLK,22.25,Star Bulk Carriers Corp.
2026-04-01,Cyclicals,MHK,96.26,"Mohawk Industries, Inc."
2026-04-01,Cyclicals,SMG,60.65,The Scotts Miracle-Gro Company
2026-04-01,Asset Plays,GNW,7.99,"Genworth Financial, Inc."
2026-04-01,Asset Plays,BZ,13.13,Kanzhun Limited
2026-04-01,Asset Plays,RLX,2.12,RLX Technology Inc.
2026-04-01,Asset Plays,PDD,99.81,PDD Holdings Inc.
2026-04-01,Asset Plays,WIT,2.08,Wipro Limited
2026-04-01,Stalwarts,PEGA,40.31,Pegasystems Inc.
2026-04-01,Stalwarts,FTDR,53.64,"Frontdoor, Inc."
2026-04-01,Asset Plays,RDY,13.48,Dr. Reddy's Laboratories Limit
2026-04-01,IV Discount,TDW,83.42,Tidewater Inc.
2026-04-01,Asset Plays,MKL,1895.37,Markel Corporation
2026-04-01,Asset Plays,SIM,31.36,"Grupo Simec, S.A.B. de C.V."
2026-04-02,IV Discount,HRB,31.93,"H&R Block, Inc."
2026-04-02,IV Discount,BAH,82.51,Booz Allen Hamilton Holding Co
2026-04-02,IV Discount,ACGL,96.98,Arch Capital Group Ltd.
2026-04-02,IV Discount,CQP,64.47,"Cheniere Energy Partners, L.P."
2026-04-02,IV Discount,TDW,84.41,Tidewater Inc.
2026-04-02,Quality Compounders,ADBE,242.36,Adobe Inc.
2026-04-02,Quality Compounders,HALO,64.07,"Halozyme Therapeutics, Inc."
2026-04-02,Quality Compounders,PEGA,42.58,Pegasystems Inc.
2026-04-02,Quality Compounders,KGC,31.59,Kinross Gold Corporation
2026-04-02,Quality Compounders,ATAT,36.42,Atour Lifestyle Holdings Limit
2026-04-02,Stalwarts,CF,130.1,"CF Industries Holdings, Inc."
2026-04-02,Stalwarts,CQP,64.47,"Cheniere Energy Partners, L.P."
2026-04-02,Stalwarts,PEGA,42.58,Pegasystems Inc.
2026-04-02,Stalwarts,FTDR,54.55,"Frontdoor, Inc."
2026-04-02,Stalwarts,HIG,136.46,The Hartford Financial Service
2026-04-02,Fast Growers,DLO,12.99,DLocal Limited
2026-04-02,Fast Growers,TGTX,33.78,"TG Therapeutics, Inc."
2026-04-02,Fast Growers,PLMR,119.46,"Palomar Holdings, Inc."
2026-04-02,Fast Growers,FUTU,139.35,Futu Holdings Limited
2026-04-02,Fast Growers,CNX,38.73,CNX Resources Corporation
2026-04-02,Turnarounds,CQP,64.47,"Cheniere Energy Partners, L.P."
2026-04-02,Turnarounds,DUOL,97.22,"Duolingo, Inc."
2026-04-02,Turnarounds,DLO,12.99,DLocal Limited
2026-04-02,Turnarounds,RELY,15.85,"Remitly Global, Inc."
2026-04-02,Turnarounds,LNG,280.49,"Cheniere Energy, Inc."
2026-04-02,Slow Growers,WU,8.64,The Western Union Company
2026-04-02,Slow Growers,FBP,21.59,First BanCorp.
2026-04-02,Slow Growers,NTES,112.25,"NetEase, Inc."
2026-04-02,Slow Growers,EWBC,108.37,"East West Bancorp, Inc."
2026-04-02,Slow Growers,MPLX,55.55,MPLX Lp
2026-04-02,Cyclicals,NOV,18.62,NOV Inc.
2026-04-02,Cyclicals,APLE,11.57,"Apple Hospitality REIT, Inc."
2026-04-02,Cyclicals,SBLK,23.92,Star Bulk Carriers Corp.
2026-04-02,Cyclicals,MHK,96.09,"Mohawk Industries, Inc."
2026-04-02,Cyclicals,SMG,62.94,The Scotts Miracle-Gro Company
2026-04-02,Asset Plays,BZ,13.48,Kanzhun Limited
2026-04-02,Asset Plays,RLX,2.19,RLX Technology Inc.
2026-04-02,Asset Plays,PDD,100.24,PDD Holdings Inc.
2026-04-02,Asset Plays,SIM,31.36,"Grupo Simec, S.A.B. de C.V."
2026-04-02,Asset Plays,GNW,8.4,"Genworth Financial, Inc."
2026-04-03,IV Discount,HRB,32.18,"H&R Block, Inc."
2026-04-03,IV Discount,BAH,83.13,Booz Allen Hamilton Holding Co
2026-04-03,IV Discount,ACGL,96.74,Arch Capital Group Ltd.
2026-04-03,IV Discount,CQP,65.1,"Cheniere Energy Partners, L.P."
2026-04-03,IV Discount,TDW,84.38,Tidewater Inc.
2026-04-03,Quality Compounders,ADBE,242.92,Adobe Inc.
2026-04-03,Quality Compounders,HALO,64.49,"Halozyme Therapeutics, Inc."
2026-04-03,Quality Compounders,PEGA,42.62,Pegasystems Inc.
2026-04-03,Quality Compounders,KGC,31.51,Kinross Gold Corporation
2026-04-03,Quality Compounders,ATAT,36.48,Atour Lifestyle Holdings Limit
2026-04-03,Stalwarts,CF,129.97,"CF Industries Holdings, Inc."
2026-04-03,Stalwarts,CQP,65.1,"Cheniere Energy Partners, L.P."
2026-04-03,Stalwarts,PEGA,42.62,Pegasystems Inc.
2026-04-03,Stalwarts,FTDR,54.58,"Frontdoor, Inc."
2026-04-03,Stalwarts,HIG,136.19,The Hartford Financial Service
2026-04-03,Fast Growers,DLO,12.86,DLocal Limited
2026-04-03,Fast Growers,TGTX,33.53,"TG Therapeutics, Inc."
2026-04-03,Fast Growers,PLMR,120.1,"Palomar Holdings, Inc."
2026-04-03,Fast Growers,FUTU,140.16,Futu Holdings Limited
2026-04-03,Fast Growers,CNX,38.71,CNX Resources Corporation
2026-04-03,Turnarounds,CQP,65.1,"Cheniere Energy Partners, L.P."
2026-04-03,Turnarounds,DUOL,96.54,"Duolingo, Inc."
2026-04-03,Turnarounds,DLO,12.86,DLocal Limited
2026-04-03,Turnarounds,RELY,16.02,"Remitly Global, Inc."
2026-04-03,Turnarounds,LNG,281.16,"Cheniere Energy, Inc."
2026-04-03,Slow Growers,WU,8.71,The Western Union Company
2026-04-03,Slow Growers,FBP,21.74,First BanCorp.
2026-04-03,Slow Growers,NTES,112.81,"NetEase, Inc."
2026-04-03,Slow Growers,EWBC,108.99,"East West Bancorp, Inc."
2026-04-03,Slow Growers,MPLX,55.9,MPLX Lp
2026-04-03,Cyclicals,NOV,18.78,NOV Inc.
2026-04-03,Cyclicals,APLE,11.53,"Apple Hospitality REIT, Inc."
2026-04-03,Cyclicals,SBLK,24.32,Star Bulk Carriers Corp.
2026-04-03,Cyclicals,MHK,96.8,"Mohawk Industries, Inc."
2026-04-03,Cyclicals,SMG,63.88,The Scotts Miracle-Gro Company
2026-04-03,Asset Plays,BZ,13.52,Kanzhun Limited
2026-04-03,Asset Plays,RLX,2.19,RLX Technology Inc.
2026-04-03,Asset Plays,PDD,100.87,PDD Holdings Inc.
2026-04-03,Asset Plays,SIM,29.56,"Grupo Simec, S.A.B. de C.V."
2026-04-03,Asset Plays,GNW,8.39,"Genworth Financial, Inc."
2026-04-03,IV Discount,MTG,26.52,MGIC Investment Corporation
2026-04-03,Quality Compounders,QLYS,88.36,"Qualys, Inc."
2026-04-03,Quality Compounders,FIX,1417.19,"Comfort Systems USA, Inc."
2026-04-03,Quality Compounders,GFI,47.58,Gold Fields Limited
2026-04-03,Stalwarts,NTES,112.81,"NetEase, Inc."
2026-04-03,Stalwarts,EAT,144.69,"Brinker International, Inc."
2026-04-03,Stalwarts,GNTX,21.51,Gentex Corporation
2026-04-03,Fast Growers,ALNY,318.85,"Alnylam Pharmaceuticals, Inc."
2026-04-03,Fast Growers,RDDT,136.04,"Reddit, Inc."
2026-04-03,Quality Compounders,JOE,65.15,The St. Joe Company
2026-04-03,Quality Compounders,HIG,136.19,The Hartford Financial Service
2026-04-03,IV Discount,RLI,58.14,RLI Corp.
2026-04-03,Quality Compounders,KLAC,1516.84,KLA Corporation
2026-04-03,Stalwarts,QLYS,88.36,"Qualys, Inc."
2026-04-03,Fast Growers,PTCT,67.77,"PTC Therapeutics, Inc."
2026-04-03,Fast Growers,BKNG,167.77,Booking Holdings Inc.
2026-04-03,Slow Growers,RF,26.47,Regions Financial Corporation
2026-04-03,Slow Growers,FRME,39.43,First Merchants Corporation
2026-04-03,Asset Plays,RDY,13.32,Dr. Reddy's Laboratories Limit
2026-04-04,IV Discount,HRB,32.18,"H&R Block, Inc."
2026-04-04,IV Discount,ACGL,96.74,Arch Capital Group Ltd.
2026-04-04,IV Discount,TDW,84.38,Tidewater Inc.
2026-04-04,IV Discount,MTG,26.52,MGIC Investment Corporation
2026-04-04,IV Discount,RLI,58.14,RLI Corp.
2026-04-04,Quality Compounders,QLYS,88.36,"Qualys, Inc."
2026-04-04,Quality Compounders,KLAC,1516.84,KLA Corporation
2026-04-04,Quality Compounders,HIG,136.19,The Hartford Financial Service
2026-04-04,Quality Compounders,FIX,1417.19,"Comfort Systems USA, Inc."
2026-04-04,Quality Compounders,ASML,1317.23,ASML Holding N.V.
2026-04-04,Stalwarts,PEGA,42.62,Pegasystems Inc.
2026-04-04,Stalwarts,QLYS,88.36,"Qualys, Inc."
2026-04-04,Stalwarts,HIG,136.19,The Hartford Financial Service
2026-04-04,Stalwarts,LOGI,91.98,Logitech International S.A.
2026-04-04,Stalwarts,GNTX,21.51,Gentex Corporation
2026-04-04,Fast Growers,DLO,12.86,DLocal Limited
2026-04-04,Fast Growers,PTCT,67.77,"PTC Therapeutics, Inc."
2026-04-04,Fast Growers,RDDT,136.04,"Reddit, Inc."
2026-04-04,Fast Growers,BKNG,167.77,Booking Holdings Inc.
2026-04-04,Fast Growers,PEGA,42.62,Pegasystems Inc.
2026-04-04,Turnarounds,CQP,65.1,"Cheniere Energy Partners, L.P."
2026-04-04,Turnarounds,DUOL,96.54,"Duolingo, Inc."
2026-04-04,Turnarounds,DLO,12.86,DLocal Limited
2026-04-04,Turnarounds,RELY,16.02,"Remitly Global, Inc."
2026-04-04,Turnarounds,LNG,281.16,"Cheniere Energy, Inc."
2026-04-04,Slow Growers,NTES,112.81,"NetEase, Inc."
2026-04-04,Slow Growers,MPLX,55.9,MPLX Lp
2026-04-04,Slow Growers,WU,8.71,The Western Union Company
2026-04-04,Slow Growers,RF,26.47,Regions Financial Corporation
2026-04-04,Slow Growers,FRME,39.43,First Merchants Corporation
2026-04-04,Cyclicals,NOV,18.78,NOV Inc.
2026-04-04,Cyclicals,APLE,11.53,"Apple Hospitality REIT, Inc."
2026-04-04,Cyclicals,SBLK,24.32,Star Bulk Carriers Corp.
2026-04-04,Cyclicals,MHK,96.8,"Mohawk Industries, Inc."
2026-04-04,Cyclicals,SMG,63.88,The Scotts Miracle-Gro Company
2026-04-04,Asset Plays,BZ,13.52,Kanzhun Limited
2026-04-04,Asset Plays,RLX,2.19,RLX Technology Inc.
2026-04-04,Asset Plays,PDD,100.87,PDD Holdings Inc.
2026-04-04,Asset Plays,SIM,29.56,"Grupo Simec, S.A.B. de C.V."
2026-04-04,Asset Plays,RDY,13.32,Dr. Reddy's Laboratories Limit
2026-04-04,IV Discount,QLYS,88.36,"Qualys, Inc."
2026-04-04,IV Discount,EXEL,43.88,"Exelixis, Inc."
2026-04-04,Quality Compounders,KGC,31.51,Kinross Gold Corporation
2026-04-08,IV Discount,HRB,32.7,"H&R Block, Inc."
2026-04-08,IV Discount,TDW,85.55,Tidewater Inc.
2026-04-08,IV Discount,QLYS,87.83,"Qualys, Inc."
2026-04-08,IV Discount,CF,134.74,"CF Industries Holdings, Inc."
2026-04-08,IV Discount,SNY,46.82,Sanofi
2026-04-08,Quality Compounders,QLYS,87.83,"Qualys, Inc."
2026-04-08,Quality Compounders,KLAC,1514.64,KLA Corporation
2026-04-08,Quality Compounders,ASML,1286.89,ASML Holding N.V.
2026-04-08,Quality Compounders,HIG,135.55,The Hartford Financial Service
2026-04-08,Quality Compounders,KGC,31.12,Kinross Gold Corporation
2026-04-08,Stalwarts,PEGA,42.67,Pegasystems Inc.
2026-04-08,Stalwarts,QLYS,87.83,"Qualys, Inc."
2026-04-08,Stalwarts,INCY,93.45,Incyte Corporation
2026-04-08,Stalwarts,HIG,135.55,The Hartford Financial Service
2026-04-08,Stalwarts,LOGI,91.91,Logitech International S.A.
2026-04-08,Fast Growers,DLO,12.75,DLocal Limited
2026-04-08,Fast Growers,PTCT,69.22,"PTC Therapeutics, Inc."
2026-04-08,Fast Growers,RDDT,139.13,"Reddit, Inc."
2026-04-08,Fast Growers,PEGA,42.67,Pegasystems Inc.
2026-04-08,Fast Growers,HALO,63.43,"Halozyme Therapeutics, Inc."
2026-04-08,Turnarounds,CQP,65.55,"Cheniere Energy Partners, L.P."
2026-04-08,Turnarounds,DUOL,95.94,"Duolingo, Inc."
2026-04-08,Turnarounds,DLO,12.75,DLocal Limited
2026-04-08,Turnarounds,RELY,16.1,"Remitly Global, Inc."
2026-04-08,Turnarounds,LNG,285.7,"Cheniere Energy, Inc."
2026-04-08,Slow Growers,NTES,111.41,"NetEase, Inc."
2026-04-08,Slow Growers,MPLX,55.18,MPLX Lp
2026-04-08,Slow Growers,WU,8.86,The Western Union Company
2026-04-08,Slow Growers,RF,26.49,Regions Financial Corporation
2026-04-08,Slow Growers,FRME,39.94,First Merchants Corporation
2026-04-08,Cyclicals,NOV,19.43,NOV Inc.
2026-04-08,Cyclicals,APLE,11.57,"Apple Hospitality REIT, Inc."
2026-04-08,Cyclicals,SBLK,23.6,Star Bulk Carriers Corp.
2026-04-08,Cyclicals,MHK,96.4,"Mohawk Industries, Inc."
2026-04-08,Cyclicals,GM,71.75,General Motors Company
2026-04-08,Asset Plays,BZ,13.13,Kanzhun Limited
2026-04-08,Asset Plays,RLX,2.13,RLX Technology Inc.
2026-04-08,Asset Plays,PDD,98.85,PDD Holdings Inc.
2026-04-08,Asset Plays,SIM,30.8,"Grupo Simec, S.A.B. de C.V."
2026-04-08,Asset Plays,RDY,12.95,Dr. Reddy's Laboratories Limit
2026-04-08,IV Discount,G,37.22,Genpact Limited
2026-04-08,Quality Compounders,PRI,263.64,"Primerica, Inc."
2026-04-09,IV Discount,HRB,30.8,"H&R Block, Inc."
2026-04-09,IV Discount,CF,122.11,"CF Industries Holdings, Inc."
2026-04-09,IV Discount,TDW,87.41,Tidewater Inc.
2026-04-09,IV Discount,QLYS,79.29,"Qualys, Inc."
2026-04-09,IV Discount,G,35.74,Genpact Limited
2026-04-09,Quality Compounders,QLYS,79.29,"Qualys, Inc."
2026-04-09,Quality Compounders,KLAC,1711.34,KLA Corporation
2026-04-09,Quality Compounders,ASML,1451.26,ASML Holding N.V.
2026-04-09,Quality Compounders,HIG,140.47,The Hartford Financial Service
2026-04-09,Quality Compounders,PRI,261.81,"Primerica, Inc."
2026-04-09,Stalwarts,PEGA,39.29,Pegasystems Inc.
2026-04-09,Stalwarts,QLYS,79.29,"Qualys, Inc."
2026-04-09,Stalwarts,HIG,140.47,The Hartford Financial Service
2026-04-09,Stalwarts,LOGI,92.1,Logitech International S.A.
2026-04-09,Stalwarts,GNTX,22.16,Gentex Corporation
2026-04-09,Fast Growers,DLO,13.09,DLocal Limited
2026-04-09,Fast Growers,PTCT,71.41,"PTC Therapeutics, Inc."
2026-04-09,Fast Growers,RDDT,138.96,"Reddit, Inc."
2026-04-09,Fast Growers,PEGA,39.29,Pegasystems Inc.
2026-04-09,Fast Growers,HALO,66.54,"Halozyme Therapeutics, Inc."
2026-04-09,Turnarounds,CQP,64.18,"Cheniere Energy Partners, L.P."
2026-04-09,Turnarounds,DUOL,89.61,"Duolingo, Inc."
2026-04-09,Turnarounds,DLO,13.09,DLocal Limited
2026-04-09,Turnarounds,RELY,16.94,"Remitly Global, Inc."
2026-04-09,Turnarounds,LNG,267.91,"Cheniere Energy, Inc."
2026-04-09,Slow Growers,NTES,113.48,"NetEase, Inc."
2026-04-09,Slow Growers,MPLX,56.2,MPLX Lp
2026-04-09,Slow Growers,WU,9.02,The Western Union Company
2026-04-09,Slow Growers,RF,28.02,Regions Financial Corporation
2026-04-09,Slow Growers,FRME,41.38,First Merchants Corporation
2026-04-09,Cyclicals,NOV,19.6,NOV Inc.
2026-04-09,Cyclicals,APLE,12.43,"Apple Hospitality REIT, Inc."
2026-04-09,Cyclicals,SBLK,24.48,Star Bulk Carriers Corp.
2026-04-09,Cyclicals,MHK,102.94,"Mohawk Industries, Inc."
2026-04-09,Cyclicals,GM,77.14,General Motors Company
2026-04-09,Asset Plays,BZ,13.31,Kanzhun Limited
2026-04-09,Asset Plays,RLX,2.12,RLX Technology Inc.
2026-04-09,Asset Plays,PDD,101.35,PDD Holdings Inc.
2026-04-09,Asset Plays,SIM,34.35,"Grupo Simec, S.A.B. de C.V."
2026-04-09,Asset Plays,RDY,13.29,Dr. Reddy's Laboratories Limit
2026-04-09,Quality Compounders,ADBE,229.17,Adobe Inc.
2026-04-09,Stalwarts,ADBE,229.17,Adobe Inc.
2026-04-11,IV Discount,HRB,29.8,"H&R Block, Inc."
2026-04-11,IV Discount,QLYS,76.2,"Qualys, Inc."
2026-04-11,IV Discount,G,34.18,Genpact Limited
2026-04-11,IV Discount,CF,121.28,"CF Industries Holdings, Inc."
2026-04-11,IV Discount,TDW,86.1,Tidewater Inc.
2026-04-11,Quality Compounders,ADBE,225.35,Adobe Inc.
2026-04-11,Quality Compounders,QLYS,76.2,"Qualys, Inc."
2026-04-11,Quality Compounders,KLAC,1737.28,KLA Corporation
2026-04-11,Quality Compounders,ASML,1478.28,ASML Holding N.V.
2026-04-11,Quality Compounders,HIG,137.23,The Hartford Financial Service
2026-04-11,Stalwarts,PEGA,39.37,Pegasystems Inc.
2026-04-11,Stalwarts,ADBE,225.35,Adobe Inc.
2026-04-11,Stalwarts,QLYS,76.2,"Qualys, Inc."
2026-04-11,Stalwarts,INCY,96.07,Incyte Corporation
2026-04-11,Stalwarts,HIG,137.23,The Hartford Financial Service
2026-04-11,Fast Growers,DLO,13.12,DLocal Limited
2026-04-11,Fast Growers,PTCT,68.69,"PTC Therapeutics, Inc."
2026-04-11,Fast Growers,RDDT,139.73,"Reddit, Inc."
2026-04-11,Fast Growers,BKNG,173.46,Booking Holdings Inc.
2026-04-11,Fast Growers,PEGA,39.37,Pegasystems Inc.
2026-04-11,Turnarounds,CQP,62.95,"Cheniere Energy Partners, L.P."
2026-04-11,Turnarounds,DUOL,90.03,"Duolingo, Inc."
2026-04-11,Turnarounds,DLO,13.12,DLocal Limited
2026-04-11,Turnarounds,RELY,16.86,"Remitly Global, Inc."
2026-04-11,Turnarounds,NNI,132.29,"Nelnet, Inc."
2026-04-11,Slow Growers,NTES,112.72,"NetEase, Inc."
2026-04-11,Slow Growers,MPLX,56.15,MPLX Lp
2026-04-11,Slow Growers,WU,8.88,The Western Union Company
2026-04-11,Slow Growers,RF,27.5,Regions Financial Corporation
2026-04-11,Slow Growers,FRME,41.07,First Merchants Corporation
2026-04-11,Cyclicals,NOV,19.49,NOV Inc.
2026-04-11,Cyclicals,APLE,12.48,"Apple Hospitality REIT, Inc."
2026-04-11,Cyclicals,SBLK,24.22,Star Bulk Carriers Corp.
2026-04-11,Cyclicals,SMG,60.74,The Scotts Miracle-Gro Company
2026-04-11,Cyclicals,PTEN,10.05,"Patterson-UTI Energy, Inc."
2026-04-11,Asset Plays,BZ,13.05,Kanzhun Limited
2026-04-11,Asset Plays,RLX,2.09,RLX Technology Inc.
2026-04-11,Asset Plays,PDD,100.17,PDD Holdings Inc.
2026-04-11,Asset Plays,SIM,30.6,"Grupo Simec, S.A.B. de C.V."
2026-04-11,Asset Plays,RDY,13.31,Dr. Reddy's Laboratories Limit
2026-04-12,IV Discount,HRB,29.8,"H&R Block, Inc."
2026-04-12,IV Discount,QLYS,76.2,"Qualys, Inc."
2026-04-12,IV Discount,G,34.18,Genpact Limited
2026-04-12,IV Discount,CF,121.28,"CF Industries Holdings, Inc."
2026-04-12,IV Discount,TDW,86.1,Tidewater Inc.
2026-04-12,Quality Compounders,ADBE,225.35,Adobe Inc.
2026-04-12,Quality Compounders,QLYS,76.2,"Qualys, Inc."
2026-04-12,Quality Compounders,KLAC,1737.28,KLA Corporation
2026-04-12,Quality Compounders,ASML,1478.28,ASML Holding N.V.
2026-04-12,Quality Compounders,HIG,137.23,The Hartford Financial Service
2026-04-12,Stalwarts,PEGA,39.37,Pegasystems Inc.
2026-04-12,Stalwarts,ADBE,225.35,Adobe Inc.
2026-04-12,Stalwarts,QLYS,76.2,"Qualys, Inc."
2026-04-12,Stalwarts,INCY,96.07,Incyte Corporation
2026-04-12,Stalwarts,HIG,137.23,The Hartford Financial Service
2026-04-12,Fast Growers,DLO,13.12,DLocal Limited
2026-04-12,Fast Growers,PTCT,68.69,"PTC Therapeutics, Inc."
2026-04-12,Fast Growers,RDDT,139.73,"Reddit, Inc."
2026-04-12,Fast Growers,BKNG,173.46,Booking Holdings Inc.
2026-04-12,Fast Growers,PEGA,39.37,Pegasystems Inc.
2026-04-12,Turnarounds,CQP,62.95,"Cheniere Energy Partners, L.P."
2026-04-12,Turnarounds,DUOL,90.03,"Duolingo, Inc."
2026-04-12,Turnarounds,DLO,13.12,DLocal Limited
2026-04-12,Turnarounds,RELY,16.86,"Remitly Global, Inc."
2026-04-12,Turnarounds,NNI,132.29,"Nelnet, Inc."
2026-04-12,Slow Growers,NTES,112.72,"NetEase, Inc."
2026-04-12,Slow Growers,MPLX,56.15,MPLX Lp
2026-04-12,Slow Growers,WU,8.88,The Western Union Company
2026-04-12,Slow Growers,RF,27.5,Regions Financial Corporation
2026-04-12,Slow Growers,FRME,41.07,First Merchants Corporation
2026-04-12,Cyclicals,NOV,19.49,NOV Inc.
2026-04-12,Cyclicals,APLE,12.48,"Apple Hospitality REIT, Inc."
2026-04-12,Cyclicals,SBLK,24.22,Star Bulk Carriers Corp.
2026-04-12,Cyclicals,SMG,60.74,The Scotts Miracle-Gro Company
2026-04-12,Cyclicals,PTEN,10.05,"Patterson-UTI Energy, Inc."
2026-04-12,Asset Plays,BZ,13.05,Kanzhun Limited
2026-04-12,Asset Plays,RLX,2.09,RLX Technology Inc.
2026-04-12,Asset Plays,PDD,100.17,PDD Holdings Inc.
2026-04-12,Asset Plays,SIM,30.6,"Grupo Simec, S.A.B. de C.V."
2026-04-12,Asset Plays,RDY,13.31,Dr. Reddy's Laboratories Limit
2026-04-12,Turnarounds,LNG,265.54,"Cheniere Energy, Inc."
2026-04-12,Turnarounds,MNDY,58.81,monday.com Ltd.
2026-04-12,Turnarounds,CTRE,39.69,"CareTrust REIT, Inc."
2026-04-12,Turnarounds,LB,68.01,LandBridge Company LLC
2026-04-13,IV Discount,HRB,31.08,"H&R Block, Inc."
2026-04-13,IV Discount,G,35.57,Genpact Limited
2026-04-13,IV Discount,QLYS,80.49,"Qualys, Inc."
2026-04-13,IV Discount,CF,121.51,"CF Industries Holdings, Inc."
2026-04-13,IV Discount,TDW,87.55,Tidewater Inc.
2026-04-13,Quality Compounders,ADBE,238.54,Adobe Inc.
2026-04-13,Quality Compounders,QLYS,80.49,"Qualys, Inc."
2026-04-13,Quality Compounders,KLAC,1756.48,KLA Corporation
2026-04-13,Quality Compounders,ASML,1490.05,ASML Holding N.V.
2026-04-13,Quality Compounders,HIG,138.31,The Hartford Financial Service
2026-04-13,Stalwarts,PEGA,41.34,Pegasystems Inc.
2026-04-13,Stalwarts,ADBE,238.54,Adobe Inc.
2026-04-13,Stalwarts,QLYS,80.49,"Qualys, Inc."
2026-04-13,Stalwarts,INCY,94.85,Incyte Corporation
2026-04-13,Stalwarts,HIG,138.31,The Hartford Financial Service
2026-04-13,Fast Growers,DLO,13.53,DLocal Limited
2026-04-13,Fast Growers,PTCT,69.99,"PTC Therapeutics, Inc."
2026-04-13,Fast Growers,RDDT,147.83,"Reddit, Inc."
2026-04-13,Fast Growers,BKNG,177.4,Booking Holdings Inc.
2026-04-13,Fast Growers,PEGA,41.34,Pegasystems Inc.
2026-04-13,Turnarounds,DUOL,93.29,"Duolingo, Inc."
2026-04-13,Turnarounds,RELY,17.32,"Remitly Global, Inc."
2026-04-13,Turnarounds,MNDY,62.15,monday.com Ltd.
2026-04-13,Turnarounds,CTRE,38.88,"CareTrust REIT, Inc."
2026-04-13,Turnarounds,LB,68.62,LandBridge Company LLC
2026-04-13,Slow Growers,NTES,112.97,"NetEase, Inc."
2026-04-13,Slow Growers,MPLX,55.82,MPLX Lp
2026-04-13,Slow Growers,WU,9.02,The Western Union Company
2026-04-13,Slow Growers,RF,27.68,Regions Financial Corporation
2026-04-13,Slow Growers,FRME,40.86,First Merchants Corporation
2026-04-13,Cyclicals,NOV,19.5,NOV Inc.
2026-04-13,Cyclicals,APLE,12.4,"Apple Hospitality REIT, Inc."
2026-04-13,Cyclicals,SBLK,24.59,Star Bulk Carriers Corp.
2026-04-13,Cyclicals,SMG,61.41,The Scotts Miracle-Gro Company
2026-04-13,Cyclicals,MHK,104.11,"Mohawk Industries, Inc."
2026-04-13,Asset Plays,BZ,13.16,Kanzhun Limited
2026-04-13,Asset Plays,RLX,2.17,RLX Technology Inc.
2026-04-13,Asset Plays,PDD,100.4,PDD Holdings Inc.
2026-04-13,Asset Plays,SIM,30.6,"Grupo Simec, S.A.B. de C.V."
2026-04-13,Asset Plays,RDY,13.23,Dr. Reddy's Laboratories Limit
2026-04-14,IV Discount,HRB,31.17,"H&R Block, Inc."
2026-04-14,IV Discount,G,35.54,Genpact Limited
2026-04-14,IV Discount,QLYS,81.4,"Qualys, Inc."
2026-04-14,IV Discount,CF,121.67,"CF Industries Holdings, Inc."
2026-04-14,IV Discount,TDW,87.83,Tidewater Inc.
2026-04-14,Quality Compounders,ADBE,240.11,Adobe Inc.
2026-04-14,Quality Compounders,QLYS,81.4,"Qualys, Inc."
2026-04-14,Quality Compounders,KLAC,1768.78,KLA Corporation
2026-04-14,Quality Compounders,ASML,1500.2,ASML Holding N.V.
2026-04-14,Quality Compounders,HIG,139.07,The Hartford Financial Service
2026-04-14,Stalwarts,PEGA,41.58,Pegasystems Inc.
2026-04-14,Stalwarts,ADBE,240.11,Adobe Inc.
2026-04-14,Stalwarts,QLYS,81.4,"Qualys, Inc."
2026-04-14,Stalwarts,INCY,95.55,Incyte Corporation
2026-04-14,Stalwarts,HIG,139.07,The Hartford Financial Service
2026-04-14,Fast Growers,DLO,13.65,DLocal Limited
2026-04-14,Fast Growers,PTCT,70.42,"PTC Therapeutics, Inc."
2026-04-14,Fast Growers,RDDT,149.29,"Reddit, Inc."
2026-04-14,Fast Growers,BKNG,177.25,Booking Holdings Inc.
2026-04-14,Fast Growers,PEGA,41.58,Pegasystems Inc.
2026-04-14,Turnarounds,DUOL,93.53,"Duolingo, Inc."
2026-04-14,Turnarounds,RELY,17.31,"Remitly Global, Inc."
2026-04-14,Turnarounds,MNDY,63.55,monday.com Ltd.
2026-04-14,Turnarounds,CTRE,38.85,"CareTrust REIT, Inc."
2026-04-14,Turnarounds,LB,67.46,LandBridge Company LLC
2026-04-14,Slow Growers,NTES,113.41,"NetEase, Inc."
2026-04-14,Slow Growers,MPLX,56.07,MPLX Lp
2026-04-14,Slow Growers,WU,9.08,The Western Union Company
2026-04-14,Slow Growers,RF,27.83,Regions Financial Corporation
2026-04-14,Slow Growers,FRME,41.13,First Merchants Corporation
2026-04-14,Cyclicals,NOV,19.63,NOV Inc.
2026-04-14,Cyclicals,APLE,12.51,"Apple Hospitality REIT, Inc."
2026-04-14,Cyclicals,SBLK,24.73,Star Bulk Carriers Corp.
2026-04-14,Cyclicals,SMG,61.91,The Scotts Miracle-Gro Company
2026-04-14,Cyclicals,MHK,105,"Mohawk Industries, Inc."
2026-04-14,Asset Plays,BZ,13.17,Kanzhun Limited
2026-04-14,Asset Plays,RLX,2.17,RLX Technology Inc.
2026-04-14,Asset Plays,PDD,100.8,PDD Holdings Inc.
2026-04-14,Asset Plays,SIM,30.6,"Grupo Simec, S.A.B. de C.V."
2026-04-14,Asset Plays,RDY,13.27,Dr. Reddy's Laboratories Limit
2026-04-14,Turnarounds,BAH,81.81,Booz Allen Hamilton Holding Co
2026-04-14,Turnarounds,PATH,10.12,UiPath Inc.
2026-04-14,Cyclicals,RHI,25.8,Robert Half International Inc.
2026-04-14,Stalwarts,PTC,133.68,PTC Inc.
2026-04-16,IV Discount,HRB,31.0,"H&R Block, Inc."
2026-04-16,IV Discount,TDW,82.92,Tidewater Inc.
2026-04-16,IV Discount,G,36.29,Genpact Limited
2026-04-16,IV Discount,QLYS,85.58,"Qualys, Inc."
2026-04-16,IV Discount,SNY,48.25,Sanofi
2026-04-16,Quality Compounders,ADBE,245.3,Adobe Inc.
2026-04-16,Quality Compounders,QLYS,85.58,"Qualys, Inc."
2026-04-16,Quality Compounders,KLAC,1722.73,KLA Corporation
2026-04-16,Quality Compounders,ASML,1450.79,ASML Holding N.V.
2026-04-16,Quality Compounders,HIG,139.4,The Hartford Financial Service
2026-04-16,Stalwarts,PEGA,42.71,Pegasystems Inc.
2026-04-16,Stalwarts,ADBE,245.3,Adobe Inc.
2026-04-16,Stalwarts,QLYS,85.58,"Qualys, Inc."
2026-04-16,Stalwarts,INCY,97.64,Incyte Corporation
2026-04-16,Stalwarts,HIG,139.4,The Hartford Financial Service
2026-04-16,Fast Growers,DLO,13.5,DLocal Limited
2026-04-16,Fast Growers,PTCT,73.09,"PTC Therapeutics, Inc."
2026-04-16,Fast Growers,BKNG,186.18,Booking Holdings Inc.
2026-04-16,Fast Growers,PEGA,42.71,Pegasystems Inc.
2026-04-16,Fast Growers,RDDT,158.58,"Reddit, Inc."
2026-04-16,Turnarounds,MNDY,65.01,monday.com Ltd.
2026-04-16,Turnarounds,DUOL,97.5,"Duolingo, Inc."
2026-04-16,Turnarounds,BAH,82.64,Booz Allen Hamilton Holding Co
2026-04-16,Turnarounds,PATH,10.55,UiPath Inc.
2026-04-16,Turnarounds,PYPL,49.63,"PayPal Holdings, Inc."
2026-04-16,Slow Growers,NTES,116.07,"NetEase, Inc."
2026-04-16,Slow Growers,MPLX,54.84,MPLX Lp
2026-04-16,Slow Growers,WU,9.23,The Western Union Company
2026-04-16,Slow Growers,ABEV,3.15,Ambev S.A.
2026-04-16,Slow Growers,RF,28.04,Regions Financial Corporation
2026-04-16,Cyclicals,KMX,40.67,"CarMax, Inc."
2026-04-16,Cyclicals,NOV,19.02,NOV Inc.
2026-04-16,Cyclicals,PTEN,9.94,"Patterson-UTI Energy, Inc."
2026-04-16,Cyclicals,SBLK,24.62,Star Bulk Carriers Corp.
2026-04-16,Cyclicals,MHK,103.86,"Mohawk Industries, Inc."
2026-04-16,Asset Plays,BZ,14.21,Kanzhun Limited
2026-04-16,Asset Plays,RLX,2.17,RLX Technology Inc.
2026-04-16,Asset Plays,PDD,102.38,PDD Holdings Inc.
2026-04-16,Asset Plays,SIM,30.75,"Grupo Simec, S.A.B. de C.V."
2026-04-16,Asset Plays,RDY,12.95,Dr. Reddy's Laboratories Limit
2026-04-16,IV Discount,CF,120.81,"CF Industries Holdings, Inc."
2026-04-16,IV Discount,ACGL,97.47,Arch Capital Group Ltd.
2026-04-16,Quality Compounders,PRI,273.3,"Primerica, Inc."
2026-04-16,Stalwarts,PTC,136.58,PTC Inc.
2026-04-16,Fast Growers,ADBE,244.66,Adobe Inc.
2026-04-16,Slow Growers,PB,69.12,"Prosperity Bancshares, Inc."
2026-04-16,Cyclicals,APLE,12.51,"Apple Hospitality REIT, Inc."
2026-04-16,Asset Plays,GNW,8.67,"Genworth Financial, Inc."
2026-04-16,IV Discount,NVDA,198.87,NVIDIA Corporation
2026-04-16,IV Discount,WMT,124.76,Walmart Inc.
2026-04-16,Quality Compounders,MSFT,411.22,Microsoft Corporation
2026-04-16,Quality Compounders,GOOGL,337.12,Alphabet Inc.
2026-04-16,Quality Compounders,GOOG,334.47,Alphabet Inc.
2026-04-16,Quality Compounders,TSM,375.1,Taiwan Semiconductor Manufactu
2026-04-16,Stalwarts,MSFT,411.22,Microsoft Corporation
2026-04-16,Stalwarts,GOOGL,337.12,Alphabet Inc.
2026-04-16,Stalwarts,GOOG,334.47,Alphabet Inc.
2026-04-16,Stalwarts,META,671.58,"Meta Platforms, Inc."
2026-04-16,Stalwarts,AAPL,266.43,Apple Inc.
2026-04-16,Cyclicals,AMZN,248.5,"Amazon.com, Inc."
2026-04-16,Asset Plays,TSM,375.1,Taiwan Semiconductor Manufactu
2026-04-16,Cyclicals,RHI,26.69,Robert Half International Inc.
2026-04-16,IV Discount,RNR,312.66,RenaissanceRe Holdings Ltd.
2026-04-16,Lynch 10-Baggers,RNP,20.8,Cohen & Steers REIT and Prefer
2026-04-16,Lynch 10-Baggers,ATLC,67.03,Atlanticus Holdings Corporatio
2026-04-16,Lynch 10-Baggers,SLRC,15.97,SLR Investment Corp.
2026-04-16,Lynch 10-Baggers,BBDC,8.77,"Barings BDC, Inc."
2026-04-16,Lynch 10-Baggers,TMP,83.2,Tompkins Financial Corporation
2026-04-16,Lynch 10-Baggers,ANIP,77.48,"ANI Pharmaceuticals, Inc."
2026-04-16,Lynch 10-Baggers,OPRA,16.96,Opera Limited
2026-04-16,Lynch 10-Baggers,WLFC,206.15,Willis Lease Finance Corporati
2026-04-16,Lynch 10-Baggers,PSIX,85.58,"Power Solutions International,"
2026-04-16,Lynch 10-Baggers,AFYA,15.72,Afya Limited
2026-04-16,Lynch 10-Baggers,DCBO,16.3,Docebo Inc.
2026-04-16,Lynch 10-Baggers,ODD,14.83,Oddity Tech Ltd.
2026-04-16,Lynch 10-Baggers,OSPN,11.33,OneSpan Inc.
2026-04-17,IV Discount,RNR,314.62,RenaissanceRe Holdings Ltd.
2026-04-17,IV Discount,HRB,31.95,"H&R Block, Inc."
2026-04-17,IV Discount,CF,124.72,"CF Industries Holdings, Inc."
2026-04-17,IV Discount,TDW,84.37,Tidewater Inc.
2026-04-17,IV Discount,G,36.63,Genpact Limited
2026-04-17,Quality Compounders,ADBE,248.16,Adobe Inc.
2026-04-17,Quality Compounders,QLYS,84.09,"Qualys, Inc."
2026-04-17,Quality Compounders,KLAC,1734.85,KLA Corporation
2026-04-17,Quality Compounders,HIG,138.28,The Hartford Financial Service
2026-04-17,Quality Compounders,PRI,272.99,"Primerica, Inc."
2026-04-17,Stalwarts,PEGA,43.28,Pegasystems Inc.
2026-04-17,Stalwarts,ADBE,248.16,Adobe Inc.
2026-04-17,Stalwarts,QLYS,84.09,"Qualys, Inc."
2026-04-17,Stalwarts,INCY,95.32,Incyte Corporation
2026-04-17,Stalwarts,HIG,138.28,The Hartford Financial Service
2026-04-17,Fast Growers,DLO,13.51,DLocal Limited
2026-04-17,Fast Growers,PTCT,71.7,"PTC Therapeutics, Inc."
2026-04-17,Fast Growers,BKNG,184.56,Booking Holdings Inc.
2026-04-17,Fast Growers,PEGA,43.28,Pegasystems Inc.
2026-04-17,Fast Growers,RDDT,162.46,"Reddit, Inc."
2026-04-17,Turnarounds,DUOL,103.45,"Duolingo, Inc."
2026-04-17,Turnarounds,MNDY,66.37,monday.com Ltd.
2026-04-17,Turnarounds,BAH,82.69,Booz Allen Hamilton Holding Co
2026-04-17,Turnarounds,PATH,10.61,UiPath Inc.
2026-04-17,Turnarounds,PYPL,49.81,"PayPal Holdings, Inc."
2026-04-17,Slow Growers,NTES,118.38,"NetEase, Inc."
2026-04-17,Slow Growers,MPLX,55.24,MPLX Lp
2026-04-17,Slow Growers,WU,9.3,The Western Union Company
2026-04-17,Slow Growers,ABEV,3.05,Ambev S.A.
2026-04-17,Slow Growers,RF,27.92,Regions Financial Corporation
2026-04-17,Cyclicals,KMX,40.49,"CarMax, Inc."
2026-04-17,Cyclicals,NOV,19.18,NOV Inc.
2026-04-17,Cyclicals,RHI,26.4,Robert Half International Inc.
2026-04-17,Cyclicals,APLE,12.61,"Apple Hospitality REIT, Inc."
2026-04-17,Cyclicals,SBLK,24.53,Star Bulk Carriers Corp.
2026-04-17,Asset Plays,RLX,2.18,RLX Technology Inc.
2026-04-17,Asset Plays,PDD,103.71,PDD Holdings Inc.
2026-04-17,Asset Plays,BZ,14.35,Kanzhun Limited
2026-04-17,Asset Plays,SIM,30.25,"Grupo Simec, S.A.B. de C.V."
2026-04-17,Asset Plays,RDY,13.06,Dr. Reddy's Laboratories Limit
2026-04-17,Lynch 10-Baggers,ANIP,78.07,"ANI Pharmaceuticals, Inc."
2026-04-17,Lynch 10-Baggers,DCBO,16.25,Docebo Inc.
2026-04-17,Lynch 10-Baggers,PSIX,82.47,"Power Solutions International,"
2026-04-17,Lynch 10-Baggers,ODD,14.99,Oddity Tech Ltd.
2026-04-17,Lynch 10-Baggers,OSPN,11.33,OneSpan Inc.
2026-04-17,Fast Growers,DXCM,63.16,"DexCom, Inc."
2026-04-17,Cyclicals,PTEN,9.34,"Patterson-UTI Energy, Inc."
2026-04-17,IV Discount,QLYS,83.09,"Qualys, Inc."
2026-04-18,IV Discount,RNR,315.2,RenaissanceRe Holdings Ltd.
2026-04-18,IV Discount,HRB,32.16,"H&R Block, Inc."
2026-04-18,IV Discount,CF,112.61,"CF Industries Holdings, Inc."
2026-04-18,IV Discount,TDW,85.25,Tidewater Inc.
2026-04-18,IV Discount,QLYS,83.17,"Qualys, Inc."
2026-04-18,Quality Compounders,ADBE,244.45,Adobe Inc.
2026-04-18,Quality Compounders,QLYS,83.17,"Qualys, Inc."
2026-04-18,Quality Compounders,KLAC,1791.44,KLA Corporation
2026-04-18,Quality Compounders,HIG,139.84,The Hartford Financial Service
2026-04-18,Quality Compounders,PRI,272.89,"Primerica, Inc."
2026-04-18,Stalwarts,PEGA,43.61,Pegasystems Inc.
2026-04-18,Stalwarts,ADBE,244.45,Adobe Inc.
2026-04-18,Stalwarts,QLYS,83.17,"Qualys, Inc."
2026-04-18,Stalwarts,INCY,97.82,Incyte Corporation
2026-04-18,Stalwarts,HIG,139.84,The Hartford Financial Service
2026-04-18,Fast Growers,DLO,13.68,DLocal Limited
2026-04-18,Fast Growers,PTCT,72.43,"PTC Therapeutics, Inc."
2026-04-18,Fast Growers,PEGA,43.61,Pegasystems Inc.
2026-04-18,Fast Growers,RDDT,163.79,"Reddit, Inc."
2026-04-18,Fast Growers,DXCM,63.98,"DexCom, Inc."
2026-04-18,Turnarounds,DUOL,100.51,"Duolingo, Inc."
2026-04-18,Turnarounds,MNDY,64.99,monday.com Ltd.
2026-04-18,Turnarounds,BAH,81.77,Booz Allen Hamilton Holding Co
2026-04-18,Turnarounds,PATH,10.41,UiPath Inc.
2026-04-18,Turnarounds,PYPL,50.81,"PayPal Holdings, Inc."
2026-04-18,Slow Growers,NTES,118.2,"NetEase, Inc."
2026-04-18,Slow Growers,MPLX,55.88,MPLX Lp
2026-04-18,Slow Growers,WU,9.48,The Western Union Company
2026-04-18,Slow Growers,ABEV,3.05,Ambev S.A.
2026-04-18,Slow Growers,RF,28.13,Regions Financial Corporation
2026-04-18,Cyclicals,KMX,40.88,"CarMax, Inc."
2026-04-18,Cyclicals,NOV,19.1,NOV Inc.
2026-04-18,Cyclicals,APLE,13.01,"Apple Hospitality REIT, Inc."
2026-04-18,Cyclicals,PTEN,9.42,"Patterson-UTI Energy, Inc."
2026-04-18,Cyclicals,SBLK,24.45,Star Bulk Carriers Corp.
2026-04-18,Asset Plays,BZ,14.21,Kanzhun Limited
2026-04-18,Asset Plays,RLX,2.17,RLX Technology Inc.
2026-04-18,Asset Plays,PDD,104.79,PDD Holdings Inc.
2026-04-18,Asset Plays,SIM,31.05,"Grupo Simec, S.A.B. de C.V."
2026-04-18,Asset Plays,RDY,13.3,Dr. Reddy's Laboratories Limit
2026-04-18,Lynch 10-Baggers,DCBO,16.72,Docebo Inc.
2026-04-18,Lynch 10-Baggers,ANIP,80.92,"ANI Pharmaceuticals, Inc."
2026-04-18,Lynch 10-Baggers,PSIX,79.6,"Power Solutions International,"
2026-04-18,Lynch 10-Baggers,ODD,15.34,Oddity Tech Ltd.
2026-04-18,Lynch 10-Baggers,OSPN,11.49,OneSpan Inc.
2026-04-19,IV Discount,RNR,315.2,RenaissanceRe Holdings Ltd.
2026-04-19,IV Discount,HRB,32.16,"H&R Block, Inc."
2026-04-19,IV Discount,CF,112.61,"CF Industries Holdings, Inc."
2026-04-19,IV Discount,TDW,85.25,Tidewater Inc.
2026-04-19,IV Discount,QLYS,83.17,"Qualys, Inc."
2026-04-19,Quality Compounders,ADBE,244.45,Adobe Inc.
2026-04-19,Quality Compounders,QLYS,83.17,"Qualys, Inc."
2026-04-19,Quality Compounders,KLAC,1791.44,KLA Corporation
2026-04-19,Quality Compounders,HIG,139.84,The Hartford Financial Service
2026-04-19,Quality Compounders,PRI,272.89,"Primerica, Inc."
2026-04-19,Stalwarts,PEGA,43.61,Pegasystems Inc.
2026-04-19,Stalwarts,ADBE,244.45,Adobe Inc.
2026-04-19,Stalwarts,QLYS,83.17,"Qualys, Inc."
2026-04-19,Stalwarts,INCY,97.82,Incyte Corporation
2026-04-19,Stalwarts,HIG,139.84,The Hartford Financial Service
2026-04-19,Fast Growers,DLO,13.68,DLocal Limited
2026-04-19,Fast Growers,PTCT,72.43,"PTC Therapeutics, Inc."
2026-04-19,Fast Growers,PEGA,43.61,Pegasystems Inc.
2026-04-19,Fast Growers,RDDT,163.79,"Reddit, Inc."
2026-04-19,Fast Growers,DXCM,63.98,"DexCom, Inc."
2026-04-19,Turnarounds,DUOL,100.51,"Duolingo, Inc."
2026-04-19,Turnarounds,MNDY,64.99,monday.com Ltd.
2026-04-19,Turnarounds,BAH,81.77,Booz Allen Hamilton Holding Co
2026-04-19,Turnarounds,PATH,10.41,UiPath Inc.
2026-04-19,Turnarounds,PYPL,50.81,"PayPal Holdings, Inc."
2026-04-19,Slow Growers,NTES,118.2,"NetEase, Inc."
2026-04-19,Slow Growers,MPLX,55.88,MPLX Lp
2026-04-19,Slow Growers,WU,9.48,The Western Union Company
2026-04-19,Slow Growers,ABEV,3.05,Ambev S.A.
2026-04-19,Slow Growers,RF,28.13,Regions Financial Corporation
2026-04-19,Cyclicals,KMX,40.88,"CarMax, Inc."
2026-04-19,Cyclicals,NOV,19.1,NOV Inc.
2026-04-19,Cyclicals,APLE,13.01,"Apple Hospitality REIT, Inc."
2026-04-19,Cyclicals,PTEN,9.42,"Patterson-UTI Energy, Inc."
2026-04-19,Cyclicals,SBLK,24.45,Star Bulk Carriers Corp.
2026-04-19,Asset Plays,BZ,14.21,Kanzhun Limited
2026-04-19,Asset Plays,RLX,2.17,RLX Technology Inc.
2026-04-19,Asset Plays,PDD,104.79,PDD Holdings Inc.
2026-04-19,Asset Plays,SIM,31.05,"Grupo Simec, S.A.B. de C.V."
2026-04-19,Asset Plays,RDY,13.3,Dr. Reddy's Laboratories Limit
2026-04-19,Lynch 10-Baggers,DCBO,16.72,Docebo Inc.
2026-04-19,Lynch 10-Baggers,ANIP,80.92,"ANI Pharmaceuticals, Inc."
2026-04-19,Lynch 10-Baggers,PSIX,79.6,"Power Solutions International,"
2026-04-19,Lynch 10-Baggers,ODD,15.34,Oddity Tech Ltd.
2026-04-19,Lynch 10-Baggers,OSPN,11.49,OneSpan Inc.
2026-04-19,IV Discount,EXEL,44.89,"Exelixis, Inc."
2026-04-19,IV Discount,NICE,105.25,NICE Ltd.
2026-04-19,Cyclicals,RHI,27.44,Robert Half International Inc.
2026-04-19,Cyclicals,VLO,223.65,Valero Energy Corporation
2026-04-19,Cyclicals,MHK,108.83,"Mohawk Industries, Inc."
2026-04-20,IV Discount,HRB,32.34,"H&R Block, Inc."
2026-04-20,IV Discount,TDW,86.08,Tidewater Inc.
2026-04-20,IV Discount,EXEL,44.34,"Exelixis, Inc."
2026-04-20,IV Discount,NICE,104.7,NICE Ltd.
2026-04-20,IV Discount,RNR,314.52,RenaissanceRe Holdings Ltd.
2026-04-20,Quality Compounders,ADBE,247.63,Adobe Inc.
2026-04-20,Quality Compounders,QLYS,82.0,"Qualys, Inc."
2026-04-20,Quality Compounders,KLAC,1795.45,KLA Corporation
2026-04-20,Quality Compounders,HIG,140.52,The Hartford Financial Service
2026-04-20,Quality Compounders,PRI,273.86,"Primerica, Inc."
2026-04-20,Stalwarts,PEGA,43.22,Pegasystems Inc.
2026-04-20,Stalwarts,ADBE,247.63,Adobe Inc.
2026-04-20,Stalwarts,QLYS,82.0,"Qualys, Inc."
2026-04-20,Stalwarts,INCY,97.58,Incyte Corporation
2026-04-20,Stalwarts,HIG,140.52,The Hartford Financial Service
2026-04-20,Fast Growers,DLO,13.51,DLocal Limited
2026-04-20,Fast Growers,PTCT,72.43,"PTC Therapeutics, Inc."
2026-04-20,Fast Growers,PEGA,43.22,Pegasystems Inc.
2026-04-20,Fast Growers,RDDT,164.48,"Reddit, Inc."
2026-04-20,Fast Growers,DXCM,64.72,"DexCom, Inc."
2026-04-20,Turnarounds,DUOL,102.61,"Duolingo, Inc."
2026-04-20,Turnarounds,MNDY,66.76,monday.com Ltd.
2026-04-20,Turnarounds,BAH,81.41,Booz Allen Hamilton Holding Co
2026-04-20,Turnarounds,PATH,10.53,UiPath Inc.
2026-04-20,Turnarounds,PYPL,50.72,"PayPal Holdings, Inc."
2026-04-20,Slow Growers,NTES,118.09,"NetEase, Inc."
2026-04-20,Slow Growers,MPLX,55.95,MPLX Lp
2026-04-20,Slow Growers,WU,9.52,The Western Union Company
2026-04-20,Slow Growers,ABEV,3.08,Ambev S.A.
2026-04-20,Slow Growers,RF,28.34,Regions Financial Corporation
2026-04-20,Cyclicals,RHI,27.89,Robert Half International Inc.
2026-04-20,Cyclicals,VLO,226.33,Valero Energy Corporation
2026-04-20,Cyclicals,NOV,19.32,NOV Inc.
2026-04-20,Cyclicals,MHK,107.7,"Mohawk Industries, Inc."
2026-04-20,Cyclicals,PTEN,9.81,"Patterson-UTI Energy, Inc."
2026-04-20,Asset Plays,BZ,14.21,Kanzhun Limited
2026-04-20,Asset Plays,RLX,2.16,RLX Technology Inc.
2026-04-20,Asset Plays,PDD,103.8,PDD Holdings Inc.
2026-04-20,Asset Plays,SIM,31.52,"Grupo Simec, S.A.B. de C.V."
2026-04-20,Asset Plays,RDY,13.15,Dr. Reddy's Laboratories Limit
2026-04-20,Lynch 10-Baggers,DCBO,16.84,Docebo Inc.
2026-04-20,Lynch 10-Baggers,ANIP,81,"ANI Pharmaceuticals, Inc."
2026-04-20,Lynch 10-Baggers,PSIX,79.11,"Power Solutions International,"
2026-04-20,Lynch 10-Baggers,ODD,15.16,Oddity Tech Ltd.
2026-04-20,Lynch 10-Baggers,OSPN,11.32,OneSpan Inc.
2026-04-23,IV Discount,HRB,31.49,"H&R Block, Inc."
2026-04-23,IV Discount,TDW,85.64,Tidewater Inc.
2026-04-23,IV Discount,EXEL,46.85,"Exelixis, Inc."
2026-04-23,IV Discount,NICE,105.6,NICE Ltd.
2026-04-23,IV Discount,RNR,311.05,RenaissanceRe Holdings Ltd.
2026-04-23,Quality Compounders,ADBE,255.94,Adobe Inc.
2026-04-23,Quality Compounders,QLYS,88.71,"Qualys, Inc."
2026-04-23,Quality Compounders,KLAC,1812.06,KLA Corporation
2026-04-23,Quality Compounders,HIG,138.11,The Hartford Financial Service
2026-04-23,Quality Compounders,PRI,282.07,"Primerica, Inc."
2026-04-23,Stalwarts,PEGA,37.48,Pegasystems Inc.
2026-04-23,Stalwarts,ADBE,255.94,Adobe Inc.
2026-04-23,Stalwarts,QLYS,88.71,"Qualys, Inc."
2026-04-23,Stalwarts,INCY,96.74,Incyte Corporation
2026-04-23,Stalwarts,HIG,138.11,The Hartford Financial Service
2026-04-23,Fast Growers,DLO,13.34,DLocal Limited
2026-04-23,Fast Growers,PTCT,70.85,"PTC Therapeutics, Inc."
2026-04-23,Fast Growers,BKNG,179.4,Booking Holdings Inc.
2026-04-23,Fast Growers,PEGA,37.48,Pegasystems Inc.
2026-04-23,Fast Growers,RDDT,164.3,"Reddit, Inc."
2026-04-23,Turnarounds,DUOL,105.52,"Duolingo, Inc."
2026-04-23,Turnarounds,MNDY,69.74,monday.com Ltd.
2026-04-23,Turnarounds,BAH,77.37,Booz Allen Hamilton Holding Co
2026-04-23,Turnarounds,PATH,10.89,UiPath Inc.
2026-04-23,Turnarounds,PYPL,51.22,"PayPal Holdings, Inc."
2026-04-23,Slow Growers,NTES,113.27,"NetEase, Inc."
2026-04-23,Slow Growers,MPLX,55.7,MPLX Lp
2026-04-23,Slow Growers,WU,9.51,The Western Union Company
2026-04-23,Slow Growers,ABEV,3.01,Ambev S.A.
2026-04-23,Slow Growers,RF,28.21,Regions Financial Corporation
2026-04-23,Cyclicals,VLO,234.36,Valero Energy Corporation
2026-04-23,Cyclicals,NOV,19.77,NOV Inc.
2026-04-23,Cyclicals,RHI,29.47,Robert Half International Inc.
2026-04-23,Cyclicals,MHK,108.4,"Mohawk Industries, Inc."
2026-04-23,Cyclicals,PTEN,10.81,"Patterson-UTI Energy, Inc."
2026-04-23,Asset Plays,BZ,13.65,Kanzhun Limited
2026-04-23,Asset Plays,RLX,2.2,RLX Technology Inc.
2026-04-23,Asset Plays,PDD,100.05,PDD Holdings Inc.
2026-04-23,Asset Plays,SIM,30.72,"Grupo Simec, S.A.B. de C.V."
2026-04-23,Asset Plays,RDY,12.84,Dr. Reddy's Laboratories Limit
2026-04-23,Lynch 10-Baggers,DCBO,19.17,Docebo Inc.
2026-04-23,Lynch 10-Baggers,ANIP,80.14,"ANI Pharmaceuticals, Inc."
2026-04-23,Lynch 10-Baggers,PSIX,84.43,"Power Solutions International,"
2026-04-23,Lynch 10-Baggers,ODD,15.74,Oddity Tech Ltd.
2026-04-23,Lynch 10-Baggers,OSPN,11.71,OneSpan Inc.
2026-04-23,IV Discount,TRV,301.68,"The Travelers Companies, Inc."
2026-04-23,Quality Compounders,MEDP,508.46,"Medpace Holdings, Inc."
2026-04-23,Quality Compounders,SEZL,84.99,Sezzle Inc.
2026-04-23,Stalwarts,GNTX,22.76,Gentex Corporation
2026-04-23,Fast Growers,DXCM,63.41,"DexCom, Inc."
2026-04-23,Turnarounds,PGR,202.71,The Progressive Corporation
2026-04-23,Slow Growers,EWBC,122.09,"East West Bancorp, Inc."
2026-04-23,Cyclicals,HUBG,43.86,"Hub Group, Inc."
2026-04-23,Lynch 10-Baggers,ORGO,2.41,Organogenesis Holdings Inc.
2026-04-23,Lynch 10-Baggers,MDXG,3.31,"MiMedx Group, Inc."
2026-04-23,Lynch 10-Baggers,OPRA,16.75,Opera Limited
2026-04-24,IV Discount,TRV,307.33,"The Travelers Companies, Inc."
2026-04-24,IV Discount,HRB,31.01,"H&R Block, Inc."
2026-04-24,IV Discount,TDW,85.62,Tidewater Inc.
2026-04-24,IV Discount,EXEL,46.05,"Exelixis, Inc."
2026-04-24,IV Discount,NICE,98.73,NICE Ltd.
2026-04-24,Quality Compounders,ADBE,238.98,Adobe Inc.
2026-04-24,Quality Compounders,QLYS,84.04,"Qualys, Inc."
2026-04-24,Quality Compounders,KLAC,1815.43,KLA Corporation
2026-04-24,Quality Compounders,MEDP,393.42,"Medpace Holdings, Inc."
2026-04-24,Quality Compounders,SEZL,79.75,Sezzle Inc.
2026-04-24,Stalwarts,ADBE,238.98,Adobe Inc.
2026-04-24,Stalwarts,QLYS,84.04,"Qualys, Inc."
2026-04-24,Stalwarts,INCY,95.47,Incyte Corporation
2026-04-24,Stalwarts,HIG,139.7,The Hartford Financial Service
2026-04-24,Stalwarts,GNTX,23.03,Gentex Corporation
2026-04-24,Fast Growers,DLO,13.31,DLocal Limited
2026-04-24,Fast Growers,PTCT,68.59,"PTC Therapeutics, Inc."
2026-04-24,Fast Growers,BKNG,176.75,Booking Holdings Inc.
2026-04-24,Fast Growers,RDDT,152.93,"Reddit, Inc."
2026-04-24,Fast Growers,DXCM,62.7,"DexCom, Inc."
2026-04-24,Turnarounds,MNDY,64.6,monday.com Ltd.
2026-04-24,Turnarounds,DUOL,100.29,"Duolingo, Inc."
2026-04-24,Turnarounds,BAH,79.01,Booz Allen Hamilton Holding Co
2026-04-24,Turnarounds,PATH,10.09,UiPath Inc.
2026-04-24,Turnarounds,PYPL,49.75,"PayPal Holdings, Inc."
2026-04-24,Slow Growers,NTES,109.54,"NetEase, Inc."
2026-04-24,Slow Growers,MPLX,55.61,MPLX Lp
2026-04-24,Slow Growers,EWBC,124.16,"East West Bancorp, Inc."
2026-04-24,Slow Growers,ABEV,2.94,Ambev S.A.
2026-04-24,Slow Growers,WU,9.33,The Western Union Company
2026-04-24,Cyclicals,RHI,27.2,Robert Half International Inc.
2026-04-24,Cyclicals,VLO,233.83,Valero Energy Corporation
2026-04-24,Cyclicals,NOV,20.22,NOV Inc.
2026-04-24,Cyclicals,MHK,108.27,"Mohawk Industries, Inc."
2026-04-24,Cyclicals,HUBG,43.5,"Hub Group, Inc."
2026-04-24,Asset Plays,PDD,97.77,PDD Holdings Inc.
2026-04-24,Asset Plays,BZ,13.33,Kanzhun Limited
2026-04-24,Asset Plays,RLX,2.2,RLX Technology Inc.
2026-04-24,Asset Plays,SIM,30.72,"Grupo Simec, S.A.B. de C.V."
2026-04-24,Asset Plays,RDY,13.58,Dr. Reddy's Laboratories Limit
2026-04-24,Lynch 10-Baggers,ANIP,78.06,"ANI Pharmaceuticals, Inc."
2026-04-24,Lynch 10-Baggers,ORGO,2.33,Organogenesis Holdings Inc.
2026-04-24,Lynch 10-Baggers,DCBO,17.63,Docebo Inc.
2026-04-24,Lynch 10-Baggers,OPRA,16.56,Opera Limited
2026-04-24,Lynch 10-Baggers,MDXG,3.35,"MiMedx Group, Inc."
2026-04-25,IV Discount,TRV,302.73,"The Travelers Companies, Inc."
2026-04-25,IV Discount,HRB,30.28,"H&R Block, Inc."
2026-04-25,IV Discount,TDW,88.52,Tidewater Inc.
2026-04-25,IV Discount,EXEL,44.94,"Exelixis, Inc."
2026-04-25,IV Discount,NICE,100.35,NICE Ltd.
2026-04-25,Quality Compounders,ADBE,245.44,Adobe Inc.
2026-04-25,Quality Compounders,QLYS,84.34,"Qualys, Inc."
2026-04-25,Quality Compounders,APPF,169.29,"AppFolio, Inc."
2026-04-25,Quality Compounders,KLAC,1935,KLA Corporation
2026-04-25,Quality Compounders,MEDP,410.54,"Medpace Holdings, Inc."
2026-04-25,Stalwarts,ADBE,245.44,Adobe Inc.
2026-04-25,Stalwarts,QLYS,84.34,"Qualys, Inc."
2026-04-25,Stalwarts,INCY,94.65,Incyte Corporation
2026-04-25,Stalwarts,HIG,134.48,The Hartford Financial Service
2026-04-25,Stalwarts,LRCX,267.78,Lam Research Corporation
2026-04-25,Fast Growers,DLO,13.76,DLocal Limited
2026-04-25,Fast Growers,PTCT,68.23,"PTC Therapeutics, Inc."
2026-04-25,Fast Growers,BKNG,180.25,Booking Holdings Inc.
2026-04-25,Fast Growers,HALO,65.36,"Halozyme Therapeutics, Inc."
2026-04-25,Fast Growers,RDDT,154.84,"Reddit, Inc."
2026-04-25,Turnarounds,MNDY,67.79,monday.com Ltd.
2026-04-25,Turnarounds,DUOL,103.45,"Duolingo, Inc."
2026-04-25,Turnarounds,PGR,200.89,The Progressive Corporation
2026-04-25,Turnarounds,BAH,78.74,Booz Allen Hamilton Holding Co
2026-04-25,Turnarounds,PATH,10.37,UiPath Inc.
2026-04-25,Slow Growers,NTES,110.58,"NetEase, Inc."
2026-04-25,Slow Growers,MPLX,55.34,MPLX Lp
2026-04-25,Slow Growers,SLM,23.83,SLM Corporation
2026-04-25,Slow Growers,WU,8.89,The Western Union Company
2026-04-25,Slow Growers,ABEV,2.88,Ambev S.A.
2026-04-25,Cyclicals,RHI,25.61,Robert Half International Inc.
2026-04-25,Cyclicals,VLO,235.85,Valero Energy Corporation
2026-04-25,Cyclicals,MHK,107.74,"Mohawk Industries, Inc."
2026-04-25,Cyclicals,KMX,38.27,"CarMax, Inc."
2026-04-25,Cyclicals,DINO,60.26,HF Sinclair Corporation
2026-04-25,Asset Plays,PDD,98.03,PDD Holdings Inc.
2026-04-25,Asset Plays,BZ,13.62,Kanzhun Limited
2026-04-25,Asset Plays,RLX,2.24,RLX Technology Inc.
2026-04-25,Asset Plays,SIM,30.71,"Grupo Simec, S.A.B. de C.V."
2026-04-25,Asset Plays,RDY,13.67,Dr. Reddy's Laboratories Limit
2026-04-25,Lynch 10-Baggers,ANIP,78.64,"ANI Pharmaceuticals, Inc."
2026-04-25,Lynch 10-Baggers,ORGO,2.35,Organogenesis Holdings Inc.
2026-04-25,Lynch 10-Baggers,DCBO,18.24,Docebo Inc.
2026-04-25,Lynch 10-Baggers,PSIX,77.04,"Power Solutions International,"
2026-04-25,Lynch 10-Baggers,ODD,16.06,Oddity Tech Ltd.
2026-04-26,IV Discount,TRV,302.73,"The Travelers Companies, Inc."
2026-04-26,IV Discount,HRB,30.28,"H&R Block, Inc."
2026-04-26,IV Discount,TDW,88.52,Tidewater Inc.
2026-04-26,IV Discount,EXEL,44.94,"Exelixis, Inc."
2026-04-26,IV Discount,NICE,100.35,NICE Ltd.
2026-04-26,Quality Compounders,ADBE,245.44,Adobe Inc.
2026-04-26,Quality Compounders,QLYS,84.34,"Qualys, Inc."
2026-04-26,Quality Compounders,APPF,169.29,"AppFolio, Inc."
2026-04-26,Quality Compounders,KLAC,1935,KLA Corporation
2026-04-26,Quality Compounders,MEDP,410.54,"Medpace Holdings, Inc."
2026-04-26,Stalwarts,ADBE,245.44,Adobe Inc.
2026-04-26,Stalwarts,QLYS,84.34,"Qualys, Inc."
2026-04-26,Stalwarts,INCY,94.65,Incyte Corporation
2026-04-26,Stalwarts,HIG,134.48,The Hartford Financial Service
2026-04-26,Stalwarts,LRCX,267.78,Lam Research Corporation
2026-04-26,Fast Growers,DLO,13.76,DLocal Limited
2026-04-26,Fast Growers,PTCT,68.23,"PTC Therapeutics, Inc."
2026-04-26,Fast Growers,BKNG,180.25,Booking Holdings Inc.
2026-04-26,Fast Growers,HALO,65.36,"Halozyme Therapeutics, Inc."
2026-04-26,Fast Growers,RDDT,154.84,"Reddit, Inc."
2026-04-26,Turnarounds,MNDY,67.79,monday.com Ltd.
2026-04-26,Turnarounds,DUOL,103.45,"Duolingo, Inc."
2026-04-26,Turnarounds,PGR,200.89,The Progressive Corporation
2026-04-26,Turnarounds,BAH,78.74,Booz Allen Hamilton Holding Co
2026-04-26,Turnarounds,PATH,10.37,UiPath Inc.
2026-04-26,Slow Growers,NTES,110.58,"NetEase, Inc."
2026-04-26,Slow Growers,MPLX,55.34,MPLX Lp
2026-04-26,Slow Growers,SLM,23.83,SLM Corporation
2026-04-26,Slow Growers,WU,8.89,The Western Union Company
2026-04-26,Slow Growers,ABEV,2.88,Ambev S.A.
2026-04-26,Cyclicals,RHI,25.61,Robert Half International Inc.
2026-04-26,Cyclicals,VLO,235.85,Valero Energy Corporation
2026-04-26,Cyclicals,MHK,107.74,"Mohawk Industries, Inc."
2026-04-26,Cyclicals,KMX,38.27,"CarMax, Inc."
2026-04-26,Cyclicals,DINO,60.26,HF Sinclair Corporation
2026-04-26,Asset Plays,PDD,98.03,PDD Holdings Inc.
2026-04-26,Asset Plays,BZ,13.62,Kanzhun Limited
2026-04-26,Asset Plays,RLX,2.24,RLX Technology Inc.
2026-04-26,Asset Plays,SIM,30.71,"Grupo Simec, S.A.B. de C.V."
2026-04-26,Asset Plays,RDY,13.67,Dr. Reddy's Laboratories Limit
2026-04-26,Lynch 10-Baggers,ANIP,78.64,"ANI Pharmaceuticals, Inc."
2026-04-26,Lynch 10-Baggers,ORGO,2.35,Organogenesis Holdings Inc.
2026-04-26,Lynch 10-Baggers,DCBO,18.24,Docebo Inc.
2026-04-26,Lynch 10-Baggers,PSIX,77.04,"Power Solutions International,"
2026-04-26,Lynch 10-Baggers,ODD,16.06,Oddity Tech Ltd.
2026-04-27,IV Discount,TRV,302.73,"The Travelers Companies, Inc."
2026-04-27,IV Discount,HRB,30.28,"H&R Block, Inc."
2026-04-27,IV Discount,TDW,88.52,Tidewater Inc.
2026-04-27,IV Discount,EXEL,44.94,"Exelixis, Inc."
2026-04-27,IV Discount,NICE,100.35,NICE Ltd.
2026-04-27,Quality Compounders,ADBE,245.44,Adobe Inc.
2026-04-27,Quality Compounders,QLYS,84.34,"Qualys, Inc."
2026-04-27,Quality Compounders,APPF,169.29,"AppFolio, Inc."
2026-04-27,Quality Compounders,KLAC,1935,KLA Corporation
2026-04-27,Quality Compounders,MEDP,410.54,"Medpace Holdings, Inc."
2026-04-27,Stalwarts,ADBE,245.44,Adobe Inc.
2026-04-27,Stalwarts,QLYS,84.34,"Qualys, Inc."
2026-04-27,Stalwarts,INCY,94.65,Incyte Corporation
2026-04-27,Stalwarts,HIG,134.48,The Hartford Financial Service
2026-04-27,Stalwarts,LRCX,267.78,Lam Research Corporation
2026-04-27,Fast Growers,DLO,13.76,DLocal Limited
2026-04-27,Fast Growers,PTCT,68.23,"PTC Therapeutics, Inc."
2026-04-27,Fast Growers,BKNG,180.28,Booking Holdings Inc.
2026-04-27,Fast Growers,HALO,65.36,"Halozyme Therapeutics, Inc."
2026-04-27,Fast Growers,RDDT,154.84,"Reddit, Inc."
2026-04-27,Turnarounds,MNDY,67.79,monday.com Ltd.
2026-04-27,Turnarounds,DUOL,103.45,"Duolingo, Inc."
2026-04-27,Turnarounds,PGR,200.89,The Progressive Corporation
2026-04-27,Turnarounds,BAH,78.74,Booz Allen Hamilton Holding Co
2026-04-27,Turnarounds,PATH,10.37,UiPath Inc.
2026-04-27,Slow Growers,NTES,110.58,"NetEase, Inc."
2026-04-27,Slow Growers,MPLX,55.34,MPLX Lp
2026-04-27,Slow Growers,SLM,23.83,SLM Corporation
2026-04-27,Slow Growers,WU,8.89,The Western Union Company
2026-04-27,Slow Growers,ABEV,2.88,Ambev S.A.
2026-04-27,Cyclicals,RHI,25.61,Robert Half International Inc.
2026-04-27,Cyclicals,VLO,235.85,Valero Energy Corporation
2026-04-27,Cyclicals,MHK,107.74,"Mohawk Industries, Inc."
2026-04-27,Cyclicals,KMX,38.27,"CarMax, Inc."
2026-04-27,Cyclicals,DINO,60.26,HF Sinclair Corporation
2026-04-27,Asset Plays,PDD,98.06,PDD Holdings Inc.
2026-04-27,Asset Plays,BZ,13.62,Kanzhun Limited
2026-04-27,Asset Plays,RLX,2.24,RLX Technology Inc.
2026-04-27,Asset Plays,SIM,30.71,"Grupo Simec, S.A.B. de C.V."
2026-04-27,Asset Plays,RDY,13.67,Dr. Reddy's Laboratories Limit
2026-04-27,Lynch 10-Baggers,ANIP,78.64,"ANI Pharmaceuticals, Inc."
2026-04-27,Lynch 10-Baggers,ORGO,2.35,Organogenesis Holdings Inc.
2026-04-27,Lynch 10-Baggers,DCBO,18.24,Docebo Inc.
2026-04-27,Lynch 10-Baggers,PSIX,77.04,"Power Solutions International,"
2026-04-27,Lynch 10-Baggers,ODD,16.06,Oddity Tech Ltd.
2026-04-27,Lynch 10-Baggers,OPRA,16.74,Opera Limited
2026-04-28,IV Discount,TRV,303.74,"The Travelers Companies, Inc."
2026-04-28,IV Discount,HRB,30.64,"H&R Block, Inc."
2026-04-28,IV Discount,TDW,91.12,Tidewater Inc.
2026-04-28,IV Discount,EXEL,44.65,"Exelixis, Inc."
2026-04-28,IV Discount,NICE,100.96,NICE Ltd.
2026-04-28,Quality Compounders,ADBE,239.31,Adobe Inc.
2026-04-28,Quality Compounders,QLYS,85.16,"Qualys, Inc."
2026-04-28,Quality Compounders,APPF,169.75,"AppFolio, Inc."
2026-04-28,Quality Compounders,KLAC,1900,KLA Corporation
2026-04-28,Quality Compounders,MEDP,421.37,"Medpace Holdings, Inc."
2026-04-28,Stalwarts,ADBE,239.31,Adobe Inc.
2026-04-28,Stalwarts,QLYS,85.16,"Qualys, Inc."
2026-04-28,Stalwarts,INCY,95.72,Incyte Corporation
2026-04-28,Stalwarts,HIG,136.71,The Hartford Financial Service
2026-04-28,Stalwarts,LRCX,259.47,Lam Research Corporation
2026-04-28,Fast Growers,DLO,13.79,DLocal Limited
2026-04-28,Fast Growers,PTCT,69.22,"PTC Therapeutics, Inc."
2026-04-28,Fast Growers,BKNG,177.52,Booking Holdings Inc.
2026-04-28,Fast Growers,HALO,64.49,"Halozyme Therapeutics, Inc."
2026-04-28,Fast Growers,RDDT,160.27,"Reddit, Inc."
2026-04-28,Turnarounds,MNDY,68.02,monday.com Ltd.
2026-04-28,Turnarounds,DUOL,103.3,"Duolingo, Inc."
2026-04-28,Turnarounds,PGR,201.98,The Progressive Corporation
2026-04-28,Turnarounds,BAH,76.19,Booz Allen Hamilton Holding Co
2026-04-28,Turnarounds,PATH,10.46,UiPath Inc.
2026-04-28,Slow Growers,NTES,111.36,"NetEase, Inc."
2026-04-28,Slow Growers,MPLX,54.61,MPLX Lp
2026-04-28,Slow Growers,SLM,23.43,SLM Corporation
2026-04-28,Slow Growers,WU,9.37,The Western Union Company
2026-04-28,Slow Growers,ABEV,2.89,Ambev S.A.
2026-04-28,Cyclicals,RHI,26.15,Robert Half International Inc.
2026-04-28,Cyclicals,VLO,238.25,Valero Energy Corporation
2026-04-28,Cyclicals,MHK,107.59,"Mohawk Industries, Inc."
2026-04-28,Cyclicals,KMX,38.17,"CarMax, Inc."
2026-04-28,Cyclicals,DINO,61.8,HF Sinclair Corporation
2026-04-28,Asset Plays,PDD,98.47,PDD Holdings Inc.
2026-04-28,Asset Plays,BZ,13.64,Kanzhun Limited
2026-04-28,Asset Plays,RLX,2.18,RLX Technology Inc.
2026-04-28,Asset Plays,SIM,30.91,"Grupo Simec, S.A.B. de C.V."
2026-04-28,Asset Plays,RDY,13.97,Dr. Reddy's Laboratories Limit
2026-04-28,Lynch 10-Baggers,ORGO,2.39,Organogenesis Holdings Inc.
2026-04-28,Lynch 10-Baggers,DCBO,18.6,Docebo Inc.
2026-04-28,Lynch 10-Baggers,ANIP,79.6,"ANI Pharmaceuticals, Inc."
2026-04-28,Lynch 10-Baggers,PSIX,74.27,"Power Solutions International,"
2026-04-28,Lynch 10-Baggers,AFYA,13.91,Afya Limited
2026-04-28,Turnarounds,PYPL,49.93,"PayPal Holdings, Inc."
2026-04-28,Lynch 10-Baggers,ODD,15.76,Oddity Tech Ltd.
2026-04-29,IV Discount,TRV,310.02,"The Travelers Companies, Inc."
2026-04-29,IV Discount,HRB,31.51,"H&R Block, Inc."
2026-04-29,IV Discount,TDW,86.67,Tidewater Inc.
2026-04-29,IV Discount,EXEL,44.93,"Exelixis, Inc."
2026-04-29,IV Discount,NICE,102.05,NICE Ltd.
2026-04-29,Quality Compounders,ADBE,243.2,Adobe Inc.
2026-04-29,Quality Compounders,QLYS,85.7,"Qualys, Inc."
2026-04-29,Quality Compounders,APPF,168.78,"AppFolio, Inc."
2026-04-29,Quality Compounders,KLAC,1808.97,KLA Corporation
2026-04-29,Quality Compounders,MEDP,409.65,"Medpace Holdings, Inc."
2026-04-29,Stalwarts,ADBE,243.2,Adobe Inc.
2026-04-29,Stalwarts,QLYS,85.7,"Qualys, Inc."
2026-04-29,Stalwarts,HIG,138.79,The Hartford Financial Service
2026-04-29,Stalwarts,LRCX,251.23,Lam Research Corporation
2026-04-29,Stalwarts,NTES,111.76,"NetEase, Inc."
2026-04-29,Fast Growers,DLO,13.6,DLocal Limited
2026-04-29,Fast Growers,PTCT,70.26,"PTC Therapeutics, Inc."
2026-04-29,Fast Growers,BKNG,173.38,Booking Holdings Inc.
2026-04-29,Fast Growers,HALO,63.86,"Halozyme Therapeutics, Inc."
2026-04-29,Fast Growers,RDDT,147.94,"Reddit, Inc."
2026-04-29,Turnarounds,MNDY,67.25,monday.com Ltd.
2026-04-29,Turnarounds,DUOL,106.24,"Duolingo, Inc."
2026-04-29,Turnarounds,PGR,203.03,The Progressive Corporation
2026-04-29,Turnarounds,BAH,76.24,Booz Allen Hamilton Holding Co
2026-04-29,Turnarounds,PATH,10.56,UiPath Inc.
2026-04-29,Slow Growers,NTES,111.76,"NetEase, Inc."
2026-04-29,Slow Growers,MPLX,55.08,MPLX Lp
2026-04-29,Slow Growers,SLM,23.43,SLM Corporation
2026-04-29,Slow Growers,WU,8.94,The Western Union Company
2026-04-29,Slow Growers,ABEV,2.91,Ambev S.A.
2026-04-29,Cyclicals,RHI,27.52,Robert Half International Inc.
2026-04-29,Cyclicals,MHK,106.3,"Mohawk Industries, Inc."
2026-04-29,Cyclicals,VLO,240.27,Valero Energy Corporation
2026-04-29,Cyclicals,KMX,38.64,"CarMax, Inc."
2026-04-29,Cyclicals,DINO,62.73,HF Sinclair Corporation
2026-04-29,Asset Plays,PDD,97.29,PDD Holdings Inc.
2026-04-29,Asset Plays,BZ,13.71,Kanzhun Limited
2026-04-29,Asset Plays,RLX,2.2,RLX Technology Inc.
2026-04-29,Asset Plays,SIM,30.86,"Grupo Simec, S.A.B. de C.V."
2026-04-29,Asset Plays,RDY,14.03,Dr. Reddy's Laboratories Limit
2026-04-29,Lynch 10-Baggers,ANIP,78.5,"ANI Pharmaceuticals, Inc."
2026-04-29,Lynch 10-Baggers,ORGO,2.4,Organogenesis Holdings Inc.
2026-04-29,Lynch 10-Baggers,DCBO,18.93,Docebo Inc.
2026-04-29,Lynch 10-Baggers,PSIX,69.15,"Power Solutions International,"
2026-04-29,Lynch 10-Baggers,ODD,15.41,Oddity Tech Ltd.
2026-04-30,IV Discount,TRV,302.25,"The Travelers Companies, Inc."
2026-04-30,IV Discount,HRB,31.43,"H&R Block, Inc."
2026-04-30,IV Discount,TDW,88.33,Tidewater Inc.
2026-04-30,IV Discount,EXEL,44.69,"Exelixis, Inc."
2026-04-30,IV Discount,NICE,101.87,NICE Ltd.
2026-04-30,Quality Compounders,ADBE,243.57,Adobe Inc.
2026-04-30,Quality Compounders,QLYS,89.6,"Qualys, Inc."
2026-04-30,Quality Compounders,APPF,165.32,"AppFolio, Inc."
2026-04-30,Quality Compounders,KLAC,1816.21,KLA Corporation
2026-04-30,Quality Compounders,MEDP,413.59,"Medpace Holdings, Inc."
2026-04-30,Stalwarts,ADBE,243.57,Adobe Inc.
2026-04-30,Stalwarts,QLYS,89.6,"Qualys, Inc."
2026-04-30,Stalwarts,HIG,136.64,The Hartford Financial Service
2026-04-30,Stalwarts,LRCX,248.75,Lam Research Corporation
2026-04-30,Stalwarts,NTES,113.49,"NetEase, Inc."
2026-04-30,Fast Growers,DLO,13.4,DLocal Limited
2026-04-30,Fast Growers,PTCT,64.55,"PTC Therapeutics, Inc."
2026-04-30,Fast Growers,BKNG,173.98,Booking Holdings Inc.
2026-04-30,Fast Growers,HALO,63.06,"Halozyme Therapeutics, Inc."
2026-04-30,Fast Growers,RDDT,147.83,"Reddit, Inc."
2026-04-30,Turnarounds,MNDY,66.66,monday.com Ltd.
2026-04-30,Turnarounds,DUOL,106.82,"Duolingo, Inc."
2026-04-30,Turnarounds,PGR,200.66,The Progressive Corporation
2026-04-30,Turnarounds,CI,292.32,Cigna Corporation
2026-04-30,Turnarounds,BAH,76.45,Booz Allen Hamilton Holding Co
2026-04-30,Slow Growers,NTES,113.49,"NetEase, Inc."
2026-04-30,Slow Growers,MPLX,55.52,MPLX Lp
2026-04-30,Slow Growers,SLM,22.99,SLM Corporation
2026-04-30,Slow Growers,WU,8.98,The Western Union Company
2026-04-30,Slow Growers,ABEV,2.85,Ambev S.A.
2026-04-30,Cyclicals,RHI,27.19,Robert Half International Inc.
2026-04-30,Cyclicals,MHK,102.89,"Mohawk Industries, Inc."
2026-04-30,Cyclicals,VLO,251.3,Valero Energy Corporation
2026-04-30,Cyclicals,KMX,38.35,"CarMax, Inc."
2026-04-30,Cyclicals,DINO,65.93,HF Sinclair Corporation
2026-04-30,Asset Plays,PDD,97.67,PDD Holdings Inc.
2026-04-30,Asset Plays,BZ,13.55,Kanzhun Limited
2026-04-30,Asset Plays,RLX,2.14,RLX Technology Inc.
2026-04-30,Asset Plays,SIM,28.01,"Grupo Simec, S.A.B. de C.V."
2026-04-30,Asset Plays,RDY,13.73,Dr. Reddy's Laboratories Limit
2026-04-30,Lynch 10-Baggers,ANIP,77.97,"ANI Pharmaceuticals, Inc."
2026-04-30,Lynch 10-Baggers,ORGO,2.3,Organogenesis Holdings Inc.
2026-04-30,Lynch 10-Baggers,DCBO,18.45,Docebo Inc.
2026-04-30,Lynch 10-Baggers,PSIX,66.96,"Power Solutions International,"
2026-04-30,Lynch 10-Baggers,ODD,15.67,Oddity Tech Ltd.
2026-04-30,Asset Plays,GNW,8.97,"Genworth Financial, Inc."
2026-04-30,Asset Plays,DMRA,23.93,"Galecto, Inc."
2026-04-30,Asset Plays,FCRS,10.24,FutureCrest Acquisition Corp.
2026-04-30,Asset Plays,DQ,19.35,Daqo New Energy Corp.
2026-04-30,Asset Plays,ARE,41.05,Alexandria Real Estate Equitie
2026-04-30,Asset Plays,SOHU,15.51,Sohu.com Limited
2026-05-02,IV Discount,HRB,31.25,"H&R Block, Inc."
2026-05-02,IV Discount,TDW,87.85,Tidewater Inc.
2026-05-02,IV Discount,TRV,304.72,"The Travelers Companies, Inc."
2026-05-02,IV Discount,NICE,112.9,NICE Ltd.
2026-05-02,IV Discount,TIMB,25.64,TIM S.A.
2026-05-02,Quality Compounders,ADBE,250.71,Adobe Inc.
2026-05-02,Quality Compounders,QLYS,88.53,"Qualys, Inc."
2026-05-02,Quality Compounders,FIX,1868.23,"Comfort Systems USA, Inc."
2026-05-02,Quality Compounders,APPF,173.1,"AppFolio, Inc."
2026-05-02,Quality Compounders,MEDP,417.54,"Medpace Holdings, Inc."
2026-05-02,Stalwarts,ADBE,250.71,Adobe Inc.
2026-05-02,Stalwarts,QLYS,88.53,"Qualys, Inc."
2026-05-02,Stalwarts,LRCX,256.72,Lam Research Corporation
2026-05-02,Stalwarts,GNTX,22.75,Gentex Corporation
2026-05-02,Stalwarts,HIG,135.81,The Hartford Financial Service
2026-05-02,Fast Growers,PTCT,65.15,"PTC Therapeutics, Inc."
2026-05-02,Fast Growers,DLO,13.75,DLocal Limited
2026-05-02,Fast Growers,RDDT,166.48,"Reddit, Inc."
2026-05-02,Fast Growers,BKNG,169.63,Booking Holdings Inc.
2026-05-02,Fast Growers,ALNY,296.11,"Alnylam Pharmaceuticals, Inc."
2026-05-02,Turnarounds,DUOL,111.25,"Duolingo, Inc."
2026-05-02,Turnarounds,CURB,27.49,Curbline Properties Corp.
2026-05-02,Turnarounds,CI,282.9,Cigna Corporation
2026-05-02,Turnarounds,TKO,185.95,"TKO Group Holdings, Inc."
2026-05-02,Turnarounds,MNDY,72.74,monday.com Ltd.
2026-05-02,Slow Growers,NTES,117.98,"NetEase, Inc."
2026-05-02,Slow Growers,GNTX,22.75,Gentex Corporation
2026-05-02,Slow Growers,MPLX,56.61,MPLX Lp
2026-05-02,Slow Growers,ABEV,2.9,Ambev S.A.
2026-05-02,Slow Growers,PPC,31.88,Pilgrim's Pride Corporation
2026-05-02,Cyclicals,MHK,99.93,"Mohawk Industries, Inc."
2026-05-02,Cyclicals,RHI,27.02,Robert Half International Inc.
2026-05-02,Cyclicals,BLDR,75.72,"Builders FirstSource, Inc."
2026-05-02,Cyclicals,UFPI,85.18,"UFP Industries, Inc."
2026-05-02,Cyclicals,KMX,38.53,"CarMax, Inc."
2026-05-02,Asset Plays,GNW,8.81,"Genworth Financial, Inc."
2026-05-02,Asset Plays,FCF,18.46,First Commonwealth Financial C
2026-05-02,Asset Plays,DMRA,25.36,"Galecto, Inc."
2026-05-02,Asset Plays,PRTC,18.14,PureTech Health plc
2026-05-02,Asset Plays,FCRS,10.23,FutureCrest Acquisition Corp.
2026-05-02,Lynch 10-Baggers,ANIP,80.39,"ANI Pharmaceuticals, Inc."
2026-05-02,Lynch 10-Baggers,ODD,14.7,Oddity Tech Ltd.
2026-05-02,Lynch 10-Baggers,OSPN,11.54,OneSpan Inc.
2026-05-02,Lynch 10-Baggers,NAGE,4.85,Niagen Bioscience Inc
2026-05-02,Lynch 10-Baggers,TPB,82.6,"Turning Point Brands, Inc."
2026-05-02,IV Discount,QLYS,88.53,"Qualys, Inc."
2026-05-02,Turnarounds,BAH,78.31,Booz Allen Hamilton Holding Co
2026-05-02,Turnarounds,PATH,10.67,UiPath Inc.
2026-05-02,Cyclicals,AIG,78.77,"American International Group, "
2026-05-02,Lynch 10-Baggers,DCBO,20.67,Docebo Inc.
2026-05-02,Lynch 10-Baggers,OPRA,18.53,Opera Limited
2026-05-02,Lynch 10-Baggers,PSIX,70.5,"Power Solutions International,"
2026-05-02,Lynch 10-Baggers,AFYA,13.89,Afya Limited
2026-05-02,Off-the-Radar,XZO,16.4,"Exzeo Group, Inc."
2026-05-02,Off-the-Radar,EFOR,21.18,"Everforth, Inc."
2026-05-02,Off-the-Radar,WASH,31.94,"Washington Trust Bancorp, Inc."
2026-05-02,Off-the-Radar,SVV,8.32,"Savers Value Village, Inc."
2026-05-02,Off-the-Radar,DIN,26.94,"Dine Brands Global, Inc."
2026-05-02,Off-the-Radar,USNA,19.35,"USANA Health Sciences, Inc."
2026-05-02,Off-the-Radar,CECO,74.3,CECO Environmental Corp.
2026-05-02,Off-the-Radar,WB,8.36,Weibo Corporation
2026-05-02,Off-the-Radar,API,3.75,"Agora, Inc."
2026-05-02,Off-the-Radar,LAW,4.66,"CS Disco, Inc."
2026-05-02,Off-the-Radar,WEST,5.9,"Westrock Coffee Company, LLC"
2026-05-03,IV Discount,TDW,87.85,Tidewater Inc.
2026-05-03,IV Discount,TRV,304.72,"The Travelers Companies, Inc."
2026-05-03,IV Discount,HRB,31.25,"H&R Block, Inc."
2026-05-03,IV Discount,NICE,112.9,NICE Ltd.
2026-05-03,IV Discount,QLYS,88.53,"Qualys, Inc."
2026-05-03,Quality Compounders,ADBE,250.71,Adobe Inc.
2026-05-03,Quality Compounders,QLYS,88.53,"Qualys, Inc."
2026-05-03,Quality Compounders,FIX,1868.23,"Comfort Systems USA, Inc."
2026-05-03,Quality Compounders,APPF,173.1,"AppFolio, Inc."
2026-05-03,Quality Compounders,MEDP,417.54,"Medpace Holdings, Inc."
2026-05-03,Stalwarts,ADBE,250.71,Adobe Inc.
2026-05-03,Stalwarts,QLYS,88.53,"Qualys, Inc."
2026-05-03,Stalwarts,LRCX,256.72,Lam Research Corporation
2026-05-03,Stalwarts,GNTX,22.75,Gentex Corporation
2026-05-03,Stalwarts,HIG,135.81,The Hartford Financial Service
2026-05-03,Fast Growers,PTCT,65.15,"PTC Therapeutics, Inc."
2026-05-03,Fast Growers,DLO,13.75,DLocal Limited
2026-05-03,Fast Growers,RDDT,166.48,"Reddit, Inc."
2026-05-03,Fast Growers,BKNG,169.63,Booking Holdings Inc.
2026-05-03,Fast Growers,ALNY,296.11,"Alnylam Pharmaceuticals, Inc."
2026-05-03,Turnarounds,MNDY,72.74,monday.com Ltd.
2026-05-03,Turnarounds,CURB,27.49,Curbline Properties Corp.
2026-05-03,Turnarounds,CI,282.9,Cigna Corporation
2026-05-03,Turnarounds,BAH,78.31,Booz Allen Hamilton Holding Co
2026-05-03,Turnarounds,PATH,10.67,UiPath Inc.
2026-05-03,Slow Growers,NTES,117.98,"NetEase, Inc."
2026-05-03,Slow Growers,MPLX,56.61,MPLX Lp
2026-05-03,Slow Growers,GNTX,22.75,Gentex Corporation
2026-05-03,Slow Growers,ABEV,2.9,Ambev S.A.
2026-05-03,Slow Growers,PPC,31.88,Pilgrim's Pride Corporation
2026-05-03,Cyclicals,MHK,99.93,"Mohawk Industries, Inc."
2026-05-03,Cyclicals,UFPI,85.18,"UFP Industries, Inc."
2026-05-03,Cyclicals,RHI,27.02,Robert Half International Inc.
2026-05-03,Cyclicals,KMX,38.53,"CarMax, Inc."
2026-05-03,Cyclicals,AIG,78.77,"American International Group, "
2026-05-03,Asset Plays,GNW,8.81,"Genworth Financial, Inc."
2026-05-03,Asset Plays,FCF,18.46,First Commonwealth Financial C
2026-05-03,Asset Plays,DMRA,25.36,"Galecto, Inc."
2026-05-03,Asset Plays,PRTC,18.14,PureTech Health plc
2026-05-03,Asset Plays,FCRS,10.23,FutureCrest Acquisition Corp.
2026-05-03,Lynch 10-Baggers,DCBO,20.67,Docebo Inc.
2026-05-03,Lynch 10-Baggers,ANIP,80.39,"ANI Pharmaceuticals, Inc."
2026-05-03,Lynch 10-Baggers,OPRA,18.53,Opera Limited
2026-05-03,Lynch 10-Baggers,PSIX,70.5,"Power Solutions International,"
2026-05-03,Lynch 10-Baggers,AFYA,13.89,Afya Limited
2026-05-03,Off-the-Radar,API,3.75,"Agora, Inc."
2026-05-03,Off-the-Radar,USNA,19.35,"USANA Health Sciences, Inc."
2026-05-03,Off-the-Radar,DIN,26.94,"Dine Brands Global, Inc."
2026-05-03,Off-the-Radar,LAW,4.66,"CS Disco, Inc."
2026-05-03,Off-the-Radar,IPX,33.46,IperionX Limited
2026-05-04,IV Discount,TDW,87.85,Tidewater Inc.
2026-05-04,IV Discount,TRV,304.72,"The Travelers Companies, Inc."
2026-05-04,IV Discount,HRB,31.25,"H&R Block, Inc."
2026-05-04,IV Discount,NICE,112.9,NICE Ltd.
2026-05-04,IV Discount,QLYS,88.53,"Qualys, Inc."
2026-05-04,Quality Compounders,ADBE,250.71,Adobe Inc.
2026-05-04,Quality Compounders,QLYS,88.53,"Qualys, Inc."
2026-05-04,Quality Compounders,FIX,1868.23,"Comfort Systems USA, Inc."
2026-05-04,Quality Compounders,APPF,173.1,"AppFolio, Inc."
2026-05-04,Quality Compounders,MEDP,417.54,"Medpace Holdings, Inc."
2026-05-04,Stalwarts,ADBE,250.71,Adobe Inc.
2026-05-04,Stalwarts,QLYS,88.53,"Qualys, Inc."
2026-05-04,Stalwarts,LRCX,256.64,Lam Research Corporation
2026-05-04,Stalwarts,GNTX,22.75,Gentex Corporation
2026-05-04,Stalwarts,HIG,135.81,The Hartford Financial Service
2026-05-04,Fast Growers,PTCT,65.15,"PTC Therapeutics, Inc."
2026-05-04,Fast Growers,DLO,13.75,DLocal Limited
2026-05-04,Fast Growers,RDDT,166.48,"Reddit, Inc."
2026-05-04,Fast Growers,BKNG,169.63,Booking Holdings Inc.
2026-05-04,Fast Growers,ALNY,296.11,"Alnylam Pharmaceuticals, Inc."
2026-05-04,Turnarounds,MNDY,72.74,monday.com Ltd.
2026-05-04,Turnarounds,CURB,27.49,Curbline Properties Corp.
2026-05-04,Turnarounds,CI,282.9,Cigna Corporation
2026-05-04,Turnarounds,BAH,78.31,Booz Allen Hamilton Holding Co
2026-05-04,Turnarounds,PATH,10.67,UiPath Inc.
2026-05-04,Slow Growers,NTES,117.98,"NetEase, Inc."
2026-05-04,Slow Growers,MPLX,56.61,MPLX Lp
2026-05-04,Slow Growers,GNTX,22.75,Gentex Corporation
2026-05-04,Slow Growers,ABEV,2.9,Ambev S.A.
2026-05-04,Slow Growers,PPC,31.88,Pilgrim's Pride Corporation
2026-05-04,Cyclicals,MHK,99.93,"Mohawk Industries, Inc."
2026-05-04,Cyclicals,UFPI,85.18,"UFP Industries, Inc."
2026-05-04,Cyclicals,RHI,27.02,Robert Half International Inc.
2026-05-04,Cyclicals,KMX,38.53,"CarMax, Inc."
2026-05-04,Cyclicals,AIG,78.77,"American International Group, "
2026-05-04,Asset Plays,GNW,8.81,"Genworth Financial, Inc."
2026-05-04,Asset Plays,FCF,18.46,First Commonwealth Financial C
2026-05-04,Asset Plays,DMRA,25.36,"Galecto, Inc."
2026-05-04,Asset Plays,PRTC,18.14,PureTech Health plc
2026-05-04,Asset Plays,FCRS,10.23,FutureCrest Acquisition Corp.
2026-05-04,Lynch 10-Baggers,DCBO,20.67,Docebo Inc.
2026-05-04,Lynch 10-Baggers,ANIP,80.39,"ANI Pharmaceuticals, Inc."
2026-05-04,Lynch 10-Baggers,OPRA,18.53,Opera Limited
2026-05-04,Lynch 10-Baggers,PSIX,70.5,"Power Solutions International,"
2026-05-04,Lynch 10-Baggers,AFYA,13.89,Afya Limited
2026-05-04,Off-the-Radar,API,3.75,"Agora, Inc."
2026-05-04,Off-the-Radar,USNA,19.35,"USANA Health Sciences, Inc."
2026-05-04,Off-the-Radar,DIN,26.94,"Dine Brands Global, Inc."
2026-05-04,Off-the-Radar,LAW,4.66,"CS Disco, Inc."
2026-05-04,Off-the-Radar,IPX,33.46,IperionX Limited
2026-05-04,Cyclicals,DDS,551.52,"Dillard's, Inc."
2026-05-04,Lynch 10-Baggers,ODD,15.28,Oddity Tech Ltd.
2026-05-04,Off-the-Radar,WEST,5.75,"Westrock Coffee Company, LLC"
2026-05-05,IV Discount,TDW,87.08,Tidewater Inc.
2026-05-05,IV Discount,TRV,301.53,"The Travelers Companies, Inc."
2026-05-05,IV Discount,HRB,31.08,"H&R Block, Inc."
2026-05-05,IV Discount,NICE,124.19,NICE Ltd.
2026-05-05,IV Discount,QLYS,92.49,"Qualys, Inc."
2026-05-05,Quality Compounders,ADBE,253.96,Adobe Inc.
2026-05-05,Quality Compounders,QLYS,92.49,"Qualys, Inc."
2026-05-05,Quality Compounders,FIX,1892.81,"Comfort Systems USA, Inc."
2026-05-05,Quality Compounders,APPF,173.63,"AppFolio, Inc."
2026-05-05,Quality Compounders,MEDP,417.02,"Medpace Holdings, Inc."
2026-05-05,Stalwarts,ADBE,253.96,Adobe Inc.
2026-05-05,Stalwarts,QLYS,92.49,"Qualys, Inc."
2026-05-05,Stalwarts,LRCX,258.57,Lam Research Corporation
2026-05-05,Stalwarts,GNTX,22.59,Gentex Corporation
2026-05-05,Stalwarts,HIG,133.81,The Hartford Financial Service
2026-05-05,Fast Growers,PTCT,65.49,"PTC Therapeutics, Inc."
2026-05-05,Fast Growers,DLO,13.7,DLocal Limited
2026-05-05,Fast Growers,RDDT,169.08,"Reddit, Inc."
2026-05-05,Fast Growers,BKNG,165.58,Booking Holdings Inc.
2026-05-05,Fast Growers,ALNY,297.93,"Alnylam Pharmaceuticals, Inc."
2026-05-05,Turnarounds,MNDY,77.32,monday.com Ltd.
2026-05-05,Turnarounds,CURB,27.29,Curbline Properties Corp.
2026-05-05,Turnarounds,CI,279.35,Cigna Corporation
2026-05-05,Turnarounds,BAH,77.84,Booz Allen Hamilton Holding Co
2026-05-05,Turnarounds,PATH,10.83,UiPath Inc.
2026-05-05,Slow Growers,NTES,116.25,"NetEase, Inc."
2026-05-05,Slow Growers,MPLX,57.17,MPLX Lp
2026-05-05,Slow Growers,GNTX,22.59,Gentex Corporation
2026-05-05,Slow Growers,ABEV,2.9,Ambev S.A.
2026-05-05,Slow Growers,PPC,30.59,Pilgrim's Pride Corporation
2026-05-05,Cyclicals,MHK,94.93,"Mohawk Industries, Inc."
2026-05-05,Cyclicals,UFPI,80.31,"UFP Industries, Inc."
2026-05-05,Cyclicals,RHI,26.37,Robert Half International Inc.
2026-05-05,Cyclicals,DDS,550.79,"Dillard's, Inc."
2026-05-05,Cyclicals,KMX,36.88,"CarMax, Inc."
2026-05-05,Asset Plays,GNW,8.87,"Genworth Financial, Inc."
2026-05-05,Asset Plays,FCF,18.45,First Commonwealth Financial C
2026-05-05,Asset Plays,DMRA,25.93,"Galecto, Inc."
2026-05-05,Asset Plays,PRTC,17.03,PureTech Health plc
2026-05-05,Asset Plays,FCRS,10.23,FutureCrest Acquisition Corp.
2026-05-05,Lynch 10-Baggers,DCBO,21.21,Docebo Inc.
2026-05-05,Lynch 10-Baggers,ANIP,82.32,"ANI Pharmaceuticals, Inc."
2026-05-05,Lynch 10-Baggers,OPRA,18.91,Opera Limited
2026-05-05,Lynch 10-Baggers,PSIX,67.78,"Power Solutions International,"
2026-05-05,Lynch 10-Baggers,ODD,15.27,Oddity Tech Ltd.
2026-05-05,Off-the-Radar,DIN,26.68,"Dine Brands Global, Inc."
2026-05-05,Off-the-Radar,LAW,4.86,"CS Disco, Inc."
2026-05-05,Off-the-Radar,USNA,18.56,"USANA Health Sciences, Inc."
2026-05-05,Off-the-Radar,IPX,33.49,IperionX Limited
2026-05-05,Off-the-Radar,WEST,5.74,"Westrock Coffee Company, LLC"
2026-05-05,Asset Plays,DQ,19.95,Daqo New Energy Corp.
2026-05-05,Asset Plays,AMJB,35.91,Alerian MLP Index ETN
2026-05-05,Asset Plays,SOHU,15.55,Sohu.com Limited
2026-05-05,Catalyst Stack,CHTR,165.34,"Charter Communications, Inc."
2026-05-05,Catalyst Stack,CNC,53.54,Centene Corporation
2026-05-05,Catalyst Stack,LOW,223.8,"Lowe's Companies, Inc."
2026-05-05,Catalyst Stack,COF,189.92,Capital One Financial Corporat
2026-05-05,Catalyst Stack,IP,31.2,International Paper Company
2026-05-05,Turnarounds,PLMR,113.61,"Palomar Holdings, Inc."
2026-05-05,Cyclicals,AIG,78.37,"American International Group, "
2026-05-05,Off-the-Radar,BLMN,5.72,"Bloomin' Brands, Inc."
2026-05-05,Off-the-Radar,BRCC,1.59,BRC Inc.
2026-05-06,IV Discount,TDW,85.01,Tidewater Inc.
2026-05-06,IV Discount,TRV,301.35,"The Travelers Companies, Inc."
2026-05-06,IV Discount,HRB,30.03,"H&R Block, Inc."
2026-05-06,IV Discount,NICE,125.01,NICE Ltd.
2026-05-06,IV Discount,QLYS,92.14,"Qualys, Inc."
2026-05-06,Quality Compounders,ADBE,255.62,Adobe Inc.
2026-05-06,Quality Compounders,QLYS,92.14,"Qualys, Inc."
2026-05-06,Quality Compounders,FIX,1967.37,"Comfort Systems USA, Inc."
2026-05-06,Quality Compounders,APPF,172.76,"AppFolio, Inc."
2026-05-06,Quality Compounders,MEDP,430.32,"Medpace Holdings, Inc."
2026-05-06,Stalwarts,ADBE,255.62,Adobe Inc.
2026-05-06,Stalwarts,QLYS,92.14,"Qualys, Inc."
2026-05-06,Stalwarts,LRCX,275.8,Lam Research Corporation
2026-05-06,Stalwarts,GNTX,22.93,Gentex Corporation
2026-05-06,Stalwarts,HIG,134.15,The Hartford Financial Service
2026-05-06,Fast Growers,PTCT,65.04,"PTC Therapeutics, Inc."
2026-05-06,Fast Growers,DLO,13.7,DLocal Limited
2026-05-06,Fast Growers,RDDT,171.7,"Reddit, Inc."
2026-05-06,Fast Growers,BKNG,167.63,Booking Holdings Inc.
2026-05-06,Fast Growers,ALNY,301.11,"Alnylam Pharmaceuticals, Inc."
2026-05-06,Turnarounds,MNDY,75.95,monday.com Ltd.
2026-05-06,Turnarounds,PLMR,111.73,"Palomar Holdings, Inc."
2026-05-06,Turnarounds,CURB,27.64,Curbline Properties Corp.
2026-05-06,Turnarounds,BAH,76.26,Booz Allen Hamilton Holding Co
2026-05-06,Turnarounds,PATH,10.7,UiPath Inc.
2026-05-06,Slow Growers,NTES,115.1,"NetEase, Inc."
2026-05-06,Slow Growers,GNTX,22.93,Gentex Corporation
2026-05-06,Slow Growers,MPLX,55.66,MPLX Lp
2026-05-06,Slow Growers,ABEV,3.37,Ambev S.A.
2026-05-06,Slow Growers,PPC,31.32,Pilgrim's Pride Corporation
2026-05-06,Cyclicals,MHK,97.39,"Mohawk Industries, Inc."
2026-05-06,Cyclicals,UFPI,82.54,"UFP Industries, Inc."
2026-05-06,Cyclicals,RHI,26.83,Robert Half International Inc.
2026-05-06,Cyclicals,KMX,37.25,"CarMax, Inc."
2026-05-06,Cyclicals,AIG,78.47,"American International Group, "
2026-05-06,Asset Plays,GNW,8.87,"Genworth Financial, Inc."
2026-05-06,Asset Plays,FCRS,10.21,FutureCrest Acquisition Corp.
2026-05-06,Asset Plays,DQ,20.01,Daqo New Energy Corp.
2026-05-06,Asset Plays,AMJB,35.9,Alerian MLP Index ETN
2026-05-06,Asset Plays,SOHU,15.51,Sohu.com Limited
2026-05-06,Lynch 10-Baggers,DCBO,20.33,Docebo Inc.
2026-05-06,Lynch 10-Baggers,ANIP,84.63,"ANI Pharmaceuticals, Inc."
2026-05-06,Lynch 10-Baggers,OPRA,18.45,Opera Limited
2026-05-06,Lynch 10-Baggers,PSIX,69.09,"Power Solutions International,"
2026-05-06,Lynch 10-Baggers,ODD,14.73,Oddity Tech Ltd.
2026-05-06,Off-the-Radar,DIN,28.15,"Dine Brands Global, Inc."
2026-05-06,Off-the-Radar,USNA,19.26,"USANA Health Sciences, Inc."
2026-05-06,Off-the-Radar,LAW,4.63,"CS Disco, Inc."
2026-05-06,Off-the-Radar,IPX,33.82,IperionX Limited
2026-05-06,Off-the-Radar,WEST,5.82,"Westrock Coffee Company, LLC"
2026-05-07,IV Discount,TDW,81.72,Tidewater Inc.
2026-05-07,IV Discount,TRV,301.59,"The Travelers Companies, Inc."
2026-05-07,IV Discount,HRB,29.32,"H&R Block, Inc."
2026-05-07,IV Discount,NICE,96.85,NICE Ltd.
2026-05-07,IV Discount,QLYS,90.84,"Qualys, Inc."
2026-05-07,Quality Compounders,ADBE,250.17,Adobe Inc.
2026-05-07,Quality Compounders,QLYS,90.84,"Qualys, Inc."
2026-05-07,Quality Compounders,FIX,2011.21,"Comfort Systems USA, Inc."
2026-05-07,Quality Compounders,APPF,167.17,"AppFolio, Inc."
2026-05-07,Quality Compounders,MEDP,426.79,"Medpace Holdings, Inc."
2026-05-07,Stalwarts,ADBE,250.17,Adobe Inc.
2026-05-07,Stalwarts,QLYS,90.84,"Qualys, Inc."
2026-05-07,Stalwarts,GNTX,23.55,Gentex Corporation
2026-05-07,Stalwarts,HIG,133.49,The Hartford Financial Service
2026-05-07,Stalwarts,EXLS,30.97,"ExlService Holdings, Inc."
2026-05-07,Fast Growers,PTCT,66.57,"PTC Therapeutics, Inc."
2026-05-07,Fast Growers,DLO,14.03,DLocal Limited
2026-05-07,Fast Growers,RDDT,166.49,"Reddit, Inc."
2026-05-07,Fast Growers,BKNG,168.32,Booking Holdings Inc.
2026-05-07,Fast Growers,ALNY,303,"Alnylam Pharmaceuticals, Inc."
2026-05-07,Turnarounds,MNDY,73.97,monday.com Ltd.
2026-05-07,Turnarounds,PLMR,110.75,"Palomar Holdings, Inc."
2026-05-07,Turnarounds,CURB,27.66,Curbline Properties Corp.
2026-05-07,Turnarounds,CI,281.98,Cigna Corporation
2026-05-07,Turnarounds,BAH,76.28,Booz Allen Hamilton Holding Co
2026-05-07,Slow Growers,NTES,118.37,"NetEase, Inc."
2026-05-07,Slow Growers,GNTX,23.55,Gentex Corporation
2026-05-07,Slow Growers,MPLX,55.66,MPLX Lp
2026-05-07,Slow Growers,ABEV,3.43,Ambev S.A.
2026-05-07,Slow Growers,PPC,31.3,Pilgrim's Pride Corporation
2026-05-07,Cyclicals,MHK,104.38,"Mohawk Industries, Inc."
2026-05-07,Cyclicals,UFPI,84.26,"UFP Industries, Inc."
2026-05-07,Cyclicals,RHI,26.17,Robert Half International Inc.
2026-05-07,Cyclicals,KMX,39.43,"CarMax, Inc."
2026-05-07,Cyclicals,AIG,77.69,"American International Group, "
2026-05-07,Asset Plays,GNW,9.17,"Genworth Financial, Inc."
2026-05-07,Asset Plays,FCRS,10.26,FutureCrest Acquisition Corp.
2026-05-07,Asset Plays,DQ,19.35,Daqo New Energy Corp.
2026-05-07,Asset Plays,AMJB,35.02,Alerian MLP Index ETN
2026-05-07,Asset Plays,SOHU,15.73,Sohu.com Limited
2026-05-07,Lynch 10-Baggers,DCBO,19.98,Docebo Inc.
2026-05-07,Lynch 10-Baggers,ANIP,84.06,"ANI Pharmaceuticals, Inc."
2026-05-07,Lynch 10-Baggers,OPRA,18.85,Opera Limited
2026-05-07,Lynch 10-Baggers,PSIX,74.49,"Power Solutions International,"
2026-05-07,Lynch 10-Baggers,ODD,14.93,Oddity Tech Ltd.
2026-05-07,Off-the-Radar,AGCC,17.42,Agencia Comercial Spirits Ltd
2026-05-07,Off-the-Radar,USNA,20.01,"USANA Health Sciences, Inc."
2026-05-07,Off-the-Radar,DIN,27.16,"Dine Brands Global, Inc."
2026-05-07,Off-the-Radar,IPX,37.75,IperionX Limited
2026-05-07,Off-the-Radar,JMIA,7.46,Jumia Technologies AG
2026-05-08,IV Discount,TDW,77.86,Tidewater Inc.
2026-05-08,IV Discount,TRV,298.94,"The Travelers Companies, Inc."
2026-05-08,IV Discount,HRB,36.28,"H&R Block, Inc."
2026-05-08,IV Discount,NICE,95.64,NICE Ltd.
2026-05-08,IV Discount,QLYS,94.97,"Qualys, Inc."
2026-05-08,Quality Compounders,ADBE,256.51,Adobe Inc.
2026-05-08,Quality Compounders,QLYS,94.97,"Qualys, Inc."
2026-05-08,Quality Compounders,FIX,1941.99,"Comfort Systems USA, Inc."
2026-05-08,Quality Compounders,APPF,170.21,"AppFolio, Inc."
2026-05-08,Quality Compounders,MEDP,428.71,"Medpace Holdings, Inc."
2026-05-08,Stalwarts,ADBE,256.51,Adobe Inc.
2026-05-08,Stalwarts,QLYS,94.97,"Qualys, Inc."
2026-05-08,Stalwarts,GNTX,23.08,Gentex Corporation
2026-05-08,Stalwarts,HIG,132.67,The Hartford Financial Service
2026-05-08,Stalwarts,EXLS,31.34,"ExlService Holdings, Inc."
2026-05-08,Fast Growers,PTCT,64.49,"PTC Therapeutics, Inc."
2026-05-08,Fast Growers,DLO,13.75,DLocal Limited
2026-05-08,Fast Growers,RDDT,163.94,"Reddit, Inc."
2026-05-08,Fast Growers,BKNG,171.28,Booking Holdings Inc.
2026-05-08,Fast Growers,ALNY,295.91,"Alnylam Pharmaceuticals, Inc."
2026-05-08,Turnarounds,MNDY,76.39,monday.com Ltd.
2026-05-08,Turnarounds,PLMR,113.57,"Palomar Holdings, Inc."
2026-05-08,Turnarounds,CURB,27.56,Curbline Properties Corp.
2026-05-08,Turnarounds,CI,284.04,Cigna Corporation
2026-05-08,Turnarounds,BAH,76.85,Booz Allen Hamilton Holding Co
2026-05-08,Slow Growers,NTES,117.11,"NetEase, Inc."
2026-05-08,Slow Growers,GNTX,23.08,Gentex Corporation
2026-05-08,Slow Growers,MPLX,56.27,MPLX Lp
2026-05-08,Slow Growers,ABEV,3.28,Ambev S.A.
2026-05-08,Slow Growers,PPC,30.4,Pilgrim's Pride Corporation
2026-05-08,Cyclicals,MHK,102.74,"Mohawk Industries, Inc."
2026-05-08,Cyclicals,UFPI,83.86,"UFP Industries, Inc."
2026-05-08,Cyclicals,RHI,27.4,Robert Half International Inc.
2026-05-08,Cyclicals,DDS,553.46,"Dillard's, Inc."
2026-05-08,Cyclicals,KMX,39.91,"CarMax, Inc."
2026-05-08,Asset Plays,GNW,9.14,"Genworth Financial, Inc."
2026-05-08,Asset Plays,FCRS,10.29,FutureCrest Acquisition Corp.
2026-05-08,Asset Plays,DQ,18.39,Daqo New Energy Corp.
2026-05-08,Asset Plays,AMJB,35.6,Alerian MLP Index ETN
2026-05-08,Asset Plays,TAL,11.4,TAL Education Group
2026-05-08,Lynch 10-Baggers,NAGE,4.19,Niagen Bioscience Inc
2026-05-08,Lynch 10-Baggers,DCBO,20.96,Docebo Inc.
2026-05-08,Lynch 10-Baggers,ANIP,83.91,"ANI Pharmaceuticals, Inc."
2026-05-08,Lynch 10-Baggers,OPRA,18.76,Opera Limited
2026-05-08,Lynch 10-Baggers,PSIX,71.99,"Power Solutions International,"
2026-05-08,Off-the-Radar,DIN,28.29,"Dine Brands Global, Inc."
2026-05-08,Off-the-Radar,USNA,19.46,"USANA Health Sciences, Inc."
2026-05-08,Off-the-Radar,IPX,40.67,IperionX Limited
2026-05-08,Off-the-Radar,WEST,5.9,"Westrock Coffee Company, LLC"
2026-05-08,Off-the-Radar,AGCC,18.6,Agencia Comercial Spirits Ltd
2026-05-09,IV Discount,MMS,64.27,"Maximus, Inc."
2026-05-09,IV Discount,TRV,298.04,"The Travelers Companies, Inc."
2026-05-09,IV Discount,PYPL,45.37,"PayPal Holdings, Inc."
2026-05-09,IV Discount,SNY,43.31,Sanofi
2026-05-09,IV Discount,TIMB,23.79,TIM S.A.
2026-05-09,Quality Compounders,ADBE,253.04,Adobe Inc.
2026-05-09,Quality Compounders,QLYS,94.28,"Qualys, Inc."
2026-05-09,Quality Compounders,FIX,1950.93,"Comfort Systems USA, Inc."
2026-05-09,Quality Compounders,APPF,166.59,"AppFolio, Inc."
2026-05-09,Quality Compounders,NFLX,87.49,"Netflix, Inc."
2026-05-09,Stalwarts,ADBE,253.04,Adobe Inc.
2026-05-09,Stalwarts,QLYS,94.28,"Qualys, Inc."
2026-05-09,Stalwarts,PTC,146.65,PTC Inc.
2026-05-09,Stalwarts,HIG,131.99,The Hartford Financial Service
2026-05-09,Stalwarts,CON,24.16,Concentra Group Holdings Paren
2026-05-09,Fast Growers,DLO,13.7,DLocal Limited
2026-05-09,Fast Growers,PLMR,113.36,"Palomar Holdings, Inc."
2026-05-09,Fast Growers,RDDT,155.8,"Reddit, Inc."
2026-05-09,Fast Growers,BKNG,165.93,Booking Holdings Inc.
2026-05-09,Fast Growers,ALNY,295.05,"Alnylam Pharmaceuticals, Inc."
2026-05-09,Turnarounds,DUOL,107.99,"Duolingo, Inc."
2026-05-09,Turnarounds,MNDY,72.07,monday.com Ltd.
2026-05-09,Turnarounds,CTRE,41.6,"CareTrust REIT, Inc."
2026-05-09,Turnarounds,AMTM,24.53,"Amentum Holdings, Inc."
2026-05-09,Turnarounds,CURB,27.88,Curbline Properties Corp.
2026-05-09,Slow Growers,ABEV,3.29,Ambev S.A.
2026-05-09,Slow Growers,TIMB,23.79,TIM S.A.
2026-05-09,Slow Growers,MPLX,54,MPLX Lp
2026-05-09,Slow Growers,APAM,38.02,Artisan Partners Asset Managem
2026-05-09,Slow Growers,NTES,115.91,"NetEase, Inc."
2026-05-09,Cyclicals,MHK,103.83,"Mohawk Industries, Inc."
2026-05-09,Cyclicals,RHI,27.03,Robert Half International Inc.
2026-05-09,Cyclicals,POOL,187.77,Pool Corporation
2026-05-09,Cyclicals,UFPI,84.38,"UFP Industries, Inc."
2026-05-09,Cyclicals,GME,24.28,GameStop Corp.
2026-05-09,Asset Plays,FCRS,10.28,FutureCrest Acquisition Corp.
2026-05-09,Asset Plays,GNW,9.13,"Genworth Financial, Inc."
2026-05-09,Asset Plays,DQ,18.64,Daqo New Energy Corp.
2026-05-09,Asset Plays,KD,12.26,"Kyndryl Holdings, Inc."
2026-05-09,Asset Plays,ARE,46.26,Alexandria Real Estate Equitie
2026-05-09,Lynch 10-Baggers,NAGE,4.17,Niagen Bioscience Inc
2026-05-09,Lynch 10-Baggers,ADMA,8.17,"ADMA Biologics, Inc."
2026-05-09,Lynch 10-Baggers,DCBO,21.2,Docebo Inc.
2026-05-09,Lynch 10-Baggers,OPRA,18.74,Opera Limited
2026-05-09,Lynch 10-Baggers,AFYA,13.93,Afya Limited
2026-05-09,Off-the-Radar,ALKT,17.97,"Alkami Technology, Inc."
2026-05-09,Off-the-Radar,BBW,38.37,"Build-A-Bear Workshop, Inc."
2026-05-09,Off-the-Radar,DIN,28.38,"Dine Brands Global, Inc."
2026-05-09,Off-the-Radar,USNA,18.96,"USANA Health Sciences, Inc."
2026-05-09,Off-the-Radar,MAMA,13.2,"Mama's Creations, Inc."
2026-05-09,IV Discount,YELP,27.08,Yelp Inc.
2026-05-09,Cyclicals,ADNT,22.78,Adient plc
2026-05-09,Asset Plays,PSEC,2.47,Prospect Capital Corporation
2026-05-09,Asset Plays,GLPG,28.62,Galapagos N.V.
2026-05-09,Lynch 10-Baggers,INSP,44.26,"Inspire Medical Systems, Inc."
2026-05-09,Lynch 10-Baggers,PSIX,75.91,"Power Solutions International,"
2026-05-09,Lynch 10-Baggers,TPB,93.42,"Turning Point Brands, Inc."
2026-05-09,Off-the-Radar,NSP,32.59,"Insperity, Inc."
2026-05-10,IV Discount,MMS,64.27,"Maximus, Inc."
2026-05-10,IV Discount,TRV,298.04,"The Travelers Companies, Inc."
2026-05-10,IV Discount,YELP,27.08,Yelp Inc.
2026-05-10,IV Discount,PYPL,45.37,"PayPal Holdings, Inc."
2026-05-10,IV Discount,SNY,43.31,Sanofi
2026-05-10,Quality Compounders,ADBE,253.04,Adobe Inc.
2026-05-10,Quality Compounders,QLYS,94.28,"Qualys, Inc."
2026-05-10,Quality Compounders,FIX,1950.93,"Comfort Systems USA, Inc."
2026-05-10,Quality Compounders,APPF,166.59,"AppFolio, Inc."
2026-05-10,Quality Compounders,NFLX,87.49,"Netflix, Inc."
2026-05-10,Stalwarts,ADBE,253.04,Adobe Inc.
2026-05-10,Stalwarts,QLYS,94.28,"Qualys, Inc."
2026-05-10,Stalwarts,PTC,146.65,PTC Inc.
2026-05-10,Stalwarts,HIG,131.99,The Hartford Financial Service
2026-05-10,Stalwarts,CON,24.16,Concentra Group Holdings Paren
2026-05-10,Fast Growers,DLO,13.7,DLocal Limited
2026-05-10,Fast Growers,PLMR,113.36,"Palomar Holdings, Inc."
2026-05-10,Fast Growers,RDDT,155.8,"Reddit, Inc."
2026-05-10,Fast Growers,BKNG,165.93,Booking Holdings Inc.
2026-05-10,Fast Growers,ALNY,295.05,"Alnylam Pharmaceuticals, Inc."
2026-05-10,Turnarounds,DUOL,107.99,"Duolingo, Inc."
2026-05-10,Turnarounds,MNDY,72.07,monday.com Ltd.
2026-05-10,Turnarounds,CTRE,41.6,"CareTrust REIT, Inc."
2026-05-10,Turnarounds,AMTM,24.53,"Amentum Holdings, Inc."
2026-05-10,Turnarounds,CURB,27.88,Curbline Properties Corp.
2026-05-10,Slow Growers,ABEV,3.29,Ambev S.A.
2026-05-10,Slow Growers,TIMB,23.79,TIM S.A.
2026-05-10,Slow Growers,MPLX,54,MPLX Lp
2026-05-10,Slow Growers,APAM,38.02,Artisan Partners Asset Managem
2026-05-10,Slow Growers,NTES,115.91,"NetEase, Inc."
2026-05-10,Cyclicals,MHK,103.83,"Mohawk Industries, Inc."
2026-05-10,Cyclicals,RHI,27.03,Robert Half International Inc.
2026-05-10,Cyclicals,ADNT,22.78,Adient plc
2026-05-10,Cyclicals,POOL,187.77,Pool Corporation
2026-05-10,Cyclicals,UFPI,84.38,"UFP Industries, Inc."
2026-05-10,Asset Plays,PSEC,2.47,Prospect Capital Corporation
2026-05-10,Asset Plays,FCRS,10.28,FutureCrest Acquisition Corp.
2026-05-10,Asset Plays,GNW,9.13,"Genworth Financial, Inc."
2026-05-10,Asset Plays,GLPG,28.62,Galapagos N.V.
2026-05-10,Asset Plays,KD,12.26,"Kyndryl Holdings, Inc."
2026-05-10,Lynch 10-Baggers,OPRA,18.74,Opera Limited
2026-05-10,Lynch 10-Baggers,ADMA,8.17,"ADMA Biologics, Inc."
2026-05-10,Lynch 10-Baggers,INSP,44.26,"Inspire Medical Systems, Inc."
2026-05-10,Lynch 10-Baggers,PSIX,75.91,"Power Solutions International,"
2026-05-10,Lynch 10-Baggers,TPB,93.42,"Turning Point Brands, Inc."
2026-05-10,Off-the-Radar,ALKT,17.97,"Alkami Technology, Inc."
2026-05-10,Off-the-Radar,BBW,38.37,"Build-A-Bear Workshop, Inc."
2026-05-10,Off-the-Radar,DIN,28.38,"Dine Brands Global, Inc."
2026-05-10,Off-the-Radar,USNA,18.96,"USANA Health Sciences, Inc."
2026-05-10,Off-the-Radar,NSP,32.59,"Insperity, Inc."
2026-05-11,IV Discount,MMS,64.27,"Maximus, Inc."
2026-05-11,IV Discount,TRV,298.04,"The Travelers Companies, Inc."
2026-05-11,IV Discount,YELP,27.08,Yelp Inc.
2026-05-11,IV Discount,PYPL,45.37,"PayPal Holdings, Inc."
2026-05-11,IV Discount,SNY,43.31,Sanofi
2026-05-11,Quality Compounders,ADBE,253.04,Adobe Inc.
2026-05-11,Quality Compounders,QLYS,94.28,"Qualys, Inc."
2026-05-11,Quality Compounders,FIX,1950.93,"Comfort Systems USA, Inc."
2026-05-11,Quality Compounders,APPF,166.59,"AppFolio, Inc."
2026-05-11,Quality Compounders,NFLX,87.48,"Netflix, Inc."
2026-05-11,Stalwarts,ADBE,253.04,Adobe Inc.
2026-05-11,Stalwarts,QLYS,94.28,"Qualys, Inc."
2026-05-11,Stalwarts,PTC,146.65,PTC Inc.
2026-05-11,Stalwarts,HIG,131.99,The Hartford Financial Service
2026-05-11,Stalwarts,CON,24.16,Concentra Group Holdings Paren
2026-05-11,Fast Growers,DLO,13.7,DLocal Limited
2026-05-11,Fast Growers,PLMR,113.36,"Palomar Holdings, Inc."
2026-05-11,Fast Growers,RDDT,155.8,"Reddit, Inc."
2026-05-11,Fast Growers,BKNG,165.99,Booking Holdings Inc.
2026-05-11,Fast Growers,ALNY,295.05,"Alnylam Pharmaceuticals, Inc."
2026-05-11,Turnarounds,DUOL,107.99,"Duolingo, Inc."
2026-05-11,Turnarounds,MNDY,72.07,monday.com Ltd.
2026-05-11,Turnarounds,CTRE,41.6,"CareTrust REIT, Inc."
2026-05-11,Turnarounds,AMTM,24.53,"Amentum Holdings, Inc."
2026-05-11,Turnarounds,CURB,27.88,Curbline Properties Corp.
2026-05-11,Slow Growers,ABEV,3.29,Ambev S.A.
2026-05-11,Slow Growers,TIMB,23.79,TIM S.A.
2026-05-11,Slow Growers,MPLX,54,MPLX Lp
2026-05-11,Slow Growers,APAM,38.02,Artisan Partners Asset Managem
2026-05-11,Slow Growers,NTES,115.91,"NetEase, Inc."
2026-05-11,Cyclicals,MHK,103.83,"Mohawk Industries, Inc."
2026-05-11,Cyclicals,RHI,27.03,Robert Half International Inc.
2026-05-11,Cyclicals,ADNT,22.78,Adient plc
2026-05-11,Cyclicals,POOL,187.77,Pool Corporation
2026-05-11,Cyclicals,UFPI,84.38,"UFP Industries, Inc."
2026-05-11,Asset Plays,PSEC,2.47,Prospect Capital Corporation
2026-05-11,Asset Plays,FCRS,10.28,FutureCrest Acquisition Corp.
2026-05-11,Asset Plays,GNW,9.13,"Genworth Financial, Inc."
2026-05-11,Asset Plays,GLPG,28.62,Galapagos N.V.
2026-05-11,Asset Plays,KD,12.26,"Kyndryl Holdings, Inc."
2026-05-11,Lynch 10-Baggers,OPRA,18.74,Opera Limited
2026-05-11,Lynch 10-Baggers,ADMA,8.17,"ADMA Biologics, Inc."
2026-05-11,Lynch 10-Baggers,INSP,44.26,"Inspire Medical Systems, Inc."
2026-05-11,Lynch 10-Baggers,PSIX,75.91,"Power Solutions International,"
2026-05-11,Lynch 10-Baggers,TPB,93.42,"Turning Point Brands, Inc."
2026-05-11,Off-the-Radar,ALKT,17.97,"Alkami Technology, Inc."
2026-05-11,Off-the-Radar,BBW,38.37,"Build-A-Bear Workshop, Inc."
2026-05-11,Off-the-Radar,DIN,28.38,"Dine Brands Global, Inc."
2026-05-11,Off-the-Radar,USNA,18.96,"USANA Health Sciences, Inc."
2026-05-11,Off-the-Radar,NSP,32.59,"Insperity, Inc."
2026-05-11,Turnarounds,CBZ,30.71,"CBIZ, Inc."
2026-05-11,Lynch 10-Baggers,ANIP,77.56,"ANI Pharmaceuticals, Inc."
2026-05-11,Off-the-Radar,MAMA,13.19,"Mama's Creations, Inc."
2026-05-11,Off-the-Radar,JMIA,7.61,Jumia Technologies AG
2026-05-12,IV Discount,MMS,61.52,"Maximus, Inc."
2026-05-12,IV Discount,TRV,297.13,"The Travelers Companies, Inc."
2026-05-12,IV Discount,YELP,25.28,Yelp Inc.
2026-05-12,IV Discount,PYPL,45.07,"PayPal Holdings, Inc."
2026-05-12,IV Discount,SNY,42.5,Sanofi
2026-05-12,Quality Compounders,ADBE,246.15,Adobe Inc.
2026-05-12,Quality Compounders,QLYS,91.53,"Qualys, Inc."
2026-05-12,Quality Compounders,FIX,2032.01,"Comfort Systems USA, Inc."
2026-05-12,Quality Compounders,APPF,159.56,"AppFolio, Inc."
2026-05-12,Quality Compounders,NFLX,85.45,"Netflix, Inc."
2026-05-12,Stalwarts,ADBE,246.15,Adobe Inc.
2026-05-12,Stalwarts,QLYS,91.53,"Qualys, Inc."
2026-05-12,Stalwarts,PTC,145.92,PTC Inc.
2026-05-12,Stalwarts,HIG,132.11,The Hartford Financial Service
2026-05-12,Stalwarts,CON,25,Concentra Group Holdings Paren
2026-05-12,Fast Growers,DLO,13.26,DLocal Limited
2026-05-12,Fast Growers,PLMR,109.22,"Palomar Holdings, Inc."
2026-05-12,Fast Growers,RDDT,159.54,"Reddit, Inc."
2026-05-12,Fast Growers,BKNG,157.8,Booking Holdings Inc.
2026-05-12,Fast Growers,ALNY,284.84,"Alnylam Pharmaceuticals, Inc."
2026-05-12,Turnarounds,DUOL,105.15,"Duolingo, Inc."
2026-05-12,Turnarounds,MNDY,76.91,monday.com Ltd.
2026-05-12,Turnarounds,CTRE,40.51,"CareTrust REIT, Inc."
2026-05-12,Turnarounds,AMTM,23.95,"Amentum Holdings, Inc."
2026-05-12,Turnarounds,CURB,27.98,Curbline Properties Corp.
2026-05-12,Slow Growers,ABEV,3.28,Ambev S.A.
2026-05-12,Slow Growers,TIMB,23.32,TIM S.A.
2026-05-12,Slow Growers,MPLX,54.03,MPLX Lp
2026-05-12,Slow Growers,APAM,37.61,Artisan Partners Asset Managem
2026-05-12,Slow Growers,NTES,116.21,"NetEase, Inc."
2026-05-12,Cyclicals,MHK,100.97,"Mohawk Industries, Inc."
2026-05-12,Cyclicals,RHI,26.54,Robert Half International Inc.
2026-05-12,Cyclicals,ADNT,22.12,Adient plc
2026-05-12,Cyclicals,POOL,184.77,Pool Corporation
2026-05-12,Cyclicals,UFPI,83.09,"UFP Industries, Inc."
2026-05-12,Asset Plays,PSEC,2.4,Prospect Capital Corporation
2026-05-12,Asset Plays,FCRS,10.26,FutureCrest Acquisition Corp.
2026-05-12,Asset Plays,GNW,9.06,"Genworth Financial, Inc."
2026-05-12,Asset Plays,GLPG,27.49,Galapagos N.V.
2026-05-12,Asset Plays,KD,11.8,"Kyndryl Holdings, Inc."
2026-05-12,Lynch 10-Baggers,OPRA,18.25,Opera Limited
2026-05-12,Lynch 10-Baggers,ADMA,7.88,"ADMA Biologics, Inc."
2026-05-12,Lynch 10-Baggers,ANIP,78.71,"ANI Pharmaceuticals, Inc."
2026-05-12,Lynch 10-Baggers,INSP,43.33,"Inspire Medical Systems, Inc."
2026-05-12,Lynch 10-Baggers,PSIX,62.45,"Power Solutions International,"
2026-05-12,Off-the-Radar,ALKT,17.22,"Alkami Technology, Inc."
2026-05-12,Off-the-Radar,DIN,29.07,"Dine Brands Global, Inc."
2026-05-12,Off-the-Radar,USNA,17.43,"USANA Health Sciences, Inc."
2026-05-12,Off-the-Radar,NSP,32.43,"Insperity, Inc."
2026-05-12,Off-the-Radar,AGCC,18.8,Agencia Comercial Spirits Ltd
2026-05-12,Quality Compounders,DECK,96.65,Deckers Outdoor Corporation
2026-05-12,Quality Compounders,DLO,13.26,DLocal Limited
2026-05-12,IV Discount,DLO,12.69,DLocal Limited
2026-05-12,Stalwarts,DECK,94.89,Deckers Outdoor Corporation
2026-05-12,Stalwarts,INCY,99.13,Incyte Corporation
2026-05-12,Turnarounds,PLMR,108.63,"Palomar Holdings, Inc."
2026-05-12,Slow Growers,TK,13.43,Teekay Corporation
2026-05-12,Slow Growers,BSM,13.52,"Black Stone Minerals, L.P."
2026-05-12,Slow Growers,NBXG,15.35,Neuberger Next Generation Conn
2026-05-12,Cyclicals,GIII,29.67,"G-III Apparel Group, Ltd."
2026-05-12,Asset Plays,DQ,18.71,Daqo New Energy Corp.
2026-05-12,Asset Plays,KKRS,16.62,KKR Group Finance Co. IX LLC 4
2026-05-13,IV Discount,DLO,12.69,DLocal Limited
2026-05-13,IV Discount,MMS,61.18,"Maximus, Inc."
2026-05-13,IV Discount,TRV,298.26,"The Travelers Companies, Inc."
2026-05-13,IV Discount,PYPL,45.44,"PayPal Holdings, Inc."
2026-05-13,IV Discount,SNY,42.86,Sanofi
2026-05-13,Quality Compounders,ADBE,240.83,Adobe Inc.
2026-05-13,Quality Compounders,QLYS,90.12,"Qualys, Inc."
2026-05-13,Quality Compounders,DECK,94.89,Deckers Outdoor Corporation
2026-05-13,Quality Compounders,APPF,155.38,"AppFolio, Inc."
2026-05-13,Quality Compounders,DLO,12.69,DLocal Limited
2026-05-13,Stalwarts,ADBE,240.83,Adobe Inc.
2026-05-13,Stalwarts,QLYS,90.12,"Qualys, Inc."
2026-05-13,Stalwarts,DECK,94.89,Deckers Outdoor Corporation
2026-05-13,Stalwarts,INCY,99.13,Incyte Corporation
2026-05-13,Stalwarts,PTC,144.22,PTC Inc.
2026-05-13,Fast Growers,DLO,12.69,DLocal Limited
2026-05-13,Fast Growers,PLMR,108.63,"Palomar Holdings, Inc."
2026-05-13,Fast Growers,RDDT,152.33,"Reddit, Inc."
2026-05-13,Fast Growers,BKNG,160.56,Booking Holdings Inc.
2026-05-13,Fast Growers,ALNY,292.03,"Alnylam Pharmaceuticals, Inc."
2026-05-13,Turnarounds,DUOL,106.01,"Duolingo, Inc."
2026-05-13,Turnarounds,MNDY,71.99,monday.com Ltd.
2026-05-13,Turnarounds,PLMR,108.63,"Palomar Holdings, Inc."
2026-05-13,Turnarounds,AMTM,24.31,"Amentum Holdings, Inc."
2026-05-13,Turnarounds,CURB,27.7,Curbline Properties Corp.
2026-05-13,Slow Growers,ABEV,3.26,Ambev S.A.
2026-05-13,Slow Growers,TK,13.43,Teekay Corporation
2026-05-13,Slow Growers,BSM,13.52,"Black Stone Minerals, L.P."
2026-05-13,Slow Growers,NBXG,15.35,Neuberger Next Generation Conn
2026-05-13,Slow Growers,APAM,36.94,Artisan Partners Asset Managem
2026-05-13,Cyclicals,MHK,99.48,"Mohawk Industries, Inc."
2026-05-13,Cyclicals,RHI,26.06,Robert Half International Inc.
2026-05-13,Cyclicals,ADNT,22.03,Adient plc
2026-05-13,Cyclicals,GIII,29.67,"G-III Apparel Group, Ltd."
2026-05-13,Cyclicals,POOL,182.33,Pool Corporation
2026-05-13,Asset Plays,DQ,18.71,Daqo New Energy Corp.
2026-05-13,Asset Plays,PSEC,2.35,Prospect Capital Corporation
2026-05-13,Asset Plays,FCRS,10.28,FutureCrest Acquisition Corp.
2026-05-13,Asset Plays,GLPG,27.35,Galapagos N.V.
2026-05-13,Asset Plays,KKRS,16.62,KKR Group Finance Co. IX LLC 4
2026-05-13,Lynch 10-Baggers,OPRA,18.08,Opera Limited
2026-05-13,Lynch 10-Baggers,ADMA,8.41,"ADMA Biologics, Inc."
2026-05-13,Lynch 10-Baggers,ANIP,79.5,"ANI Pharmaceuticals, Inc."
2026-05-13,Lynch 10-Baggers,INSP,44.06,"Inspire Medical Systems, Inc."
2026-05-13,Lynch 10-Baggers,PSIX,38,"Power Solutions International,"
2026-05-13,Off-the-Radar,ALKT,16.79,"Alkami Technology, Inc."
2026-05-13,Off-the-Radar,DIN,29.64,"Dine Brands Global, Inc."
2026-05-13,Off-the-Radar,USNA,17.36,"USANA Health Sciences, Inc."
2026-05-13,Off-the-Radar,NSP,31.57,"Insperity, Inc."
2026-05-13,Off-the-Radar,AGCC,19.26,Agencia Comercial Spirits Ltd
2026-05-14,IV Discount,DLO,12.17,DLocal Limited
2026-05-14,IV Discount,MMS,59.44,"Maximus, Inc."
2026-05-14,IV Discount,TRV,295.02,"The Travelers Companies, Inc."
2026-05-14,IV Discount,PYPL,45.23,"PayPal Holdings, Inc."
2026-05-14,IV Discount,SNY,42.42,Sanofi
2026-05-14,Quality Compounders,ADBE,236.07,Adobe Inc.
2026-05-14,Quality Compounders,QLYS,86.5,"Qualys, Inc."
2026-05-14,Quality Compounders,DECK,93.93,Deckers Outdoor Corporation
2026-05-14,Quality Compounders,APPF,150.53,"AppFolio, Inc."
2026-05-14,Quality Compounders,DLO,12.17,DLocal Limited
2026-05-14,Stalwarts,ADBE,236.07,Adobe Inc.
2026-05-14,Stalwarts,QLYS,86.5,"Qualys, Inc."
2026-05-14,Stalwarts,DECK,93.93,Deckers Outdoor Corporation
2026-05-14,Stalwarts,INCY,98.82,Incyte Corporation
2026-05-14,Stalwarts,PTC,140.81,PTC Inc.
2026-05-14,Fast Growers,DLO,12.17,DLocal Limited
2026-05-14,Fast Growers,PLMR,108.16,"Palomar Holdings, Inc."
2026-05-14,Fast Growers,RDDT,154.12,"Reddit, Inc."
2026-05-14,Fast Growers,BKNG,155.03,Booking Holdings Inc.
2026-05-14,Fast Growers,ALNY,291.48,"Alnylam Pharmaceuticals, Inc."
2026-05-14,Turnarounds,DUOL,104.98,"Duolingo, Inc."
2026-05-14,Turnarounds,MNDY,67.7,monday.com Ltd.
2026-05-14,Turnarounds,PLMR,108.16,"Palomar Holdings, Inc."
2026-05-14,Turnarounds,AMTM,23.15,"Amentum Holdings, Inc."
2026-05-14,Turnarounds,CURB,27.41,Curbline Properties Corp.
2026-05-14,Slow Growers,ABEV,3.15,Ambev S.A.
2026-05-14,Slow Growers,TK,13.17,Teekay Corporation
2026-05-14,Slow Growers,BSM,13.55,"Black Stone Minerals, L.P."
2026-05-14,Slow Growers,NBXG,15.57,Neuberger Next Generation Conn
2026-05-14,Slow Growers,APAM,36.88,Artisan Partners Asset Managem
2026-05-14,Cyclicals,MHK,97.92,"Mohawk Industries, Inc."
2026-05-14,Cyclicals,RHI,24.9,Robert Half International Inc.
2026-05-14,Cyclicals,ADNT,22.03,Adient plc
2026-05-14,Cyclicals,GIII,29.43,"G-III Apparel Group, Ltd."
2026-05-14,Cyclicals,POOL,175.37,Pool Corporation
2026-05-14,Asset Plays,DQ,19.14,Daqo New Energy Corp.
2026-05-14,Asset Plays,PSEC,2.25,Prospect Capital Corporation
2026-05-14,Asset Plays,FCRS,10.21,FutureCrest Acquisition Corp.
2026-05-14,Asset Plays,GLPG,28.08,Galapagos N.V.
2026-05-14,Asset Plays,BUR,4.51,Burford Capital Limited
2026-05-14,Lynch 10-Baggers,OPRA,18.19,Opera Limited
2026-05-14,Lynch 10-Baggers,ADMA,8.5,"ADMA Biologics, Inc."
2026-05-14,Lynch 10-Baggers,INSP,41.92,"Inspire Medical Systems, Inc."
2026-05-14,Lynch 10-Baggers,PSIX,45.11,"Power Solutions International,"
2026-05-14,Lynch 10-Baggers,TPB,89.8,"Turning Point Brands, Inc."
2026-05-14,Off-the-Radar,ALKT,16.57,"Alkami Technology, Inc."
2026-05-14,Off-the-Radar,DIN,28.65,"Dine Brands Global, Inc."
2026-05-14,Off-the-Radar,USNA,17.61,"USANA Health Sciences, Inc."
2026-05-14,Off-the-Radar,NSP,29.19,"Insperity, Inc."
2026-05-14,Off-the-Radar,JMIA,7.69,Jumia Technologies AG
2026-05-15,IV Discount,DLO,12.66,DLocal Limited
2026-05-15,IV Discount,MMS,59.93,"Maximus, Inc."
2026-05-15,IV Discount,TRV,298.29,"The Travelers Companies, Inc."
2026-05-15,IV Discount,PYPL,45.04,"PayPal Holdings, Inc."
2026-05-15,IV Discount,SNY,42.85,Sanofi
2026-05-15,Quality Compounders,ADBE,237.01,Adobe Inc.
2026-05-15,Quality Compounders,QLYS,86.73,"Qualys, Inc."
2026-05-15,Quality Compounders,DECK,94.97,Deckers Outdoor Corporation
2026-05-15,Quality Compounders,APPF,150.24,"AppFolio, Inc."
2026-05-15,Quality Compounders,DLO,12.66,DLocal Limited
2026-05-15,Stalwarts,ADBE,237.01,Adobe Inc.
2026-05-15,Stalwarts,QLYS,86.73,"Qualys, Inc."
2026-05-15,Stalwarts,DECK,94.97,Deckers Outdoor Corporation
2026-05-15,Stalwarts,DOCS,18.01,"Doximity, Inc."
2026-05-15,Stalwarts,INCY,97.63,Incyte Corporation
2026-05-15,Fast Growers,DLO,12.66,DLocal Limited
2026-05-15,Fast Growers,PLMR,110.28,"Palomar Holdings, Inc."
2026-05-15,Fast Growers,RDDT,156.24,"Reddit, Inc."
2026-05-15,Fast Growers,BKNG,154.48,Booking Holdings Inc.
2026-05-15,Fast Growers,ALNY,293.45,"Alnylam Pharmaceuticals, Inc."
2026-05-15,Turnarounds,DUOL,109.16,"Duolingo, Inc."
2026-05-15,Turnarounds,MNDY,69.73,monday.com Ltd.
2026-05-15,Turnarounds,PLMR,110.28,"Palomar Holdings, Inc."
2026-05-15,Turnarounds,AMTM,23.25,"Amentum Holdings, Inc."
2026-05-15,Turnarounds,CURB,27.86,Curbline Properties Corp.
2026-05-15,Slow Growers,ABEV,3.15,Ambev S.A.
2026-05-15,Slow Growers,TK,13.19,Teekay Corporation
2026-05-15,Slow Growers,BSM,13.78,"Black Stone Minerals, L.P."
2026-05-15,Slow Growers,NBXG,15.81,Neuberger Next Generation Conn
2026-05-15,Slow Growers,APAM,37.26,Artisan Partners Asset Managem
2026-05-15,Cyclicals,MHK,98.74,"Mohawk Industries, Inc."
2026-05-15,Cyclicals,RHI,24.68,Robert Half International Inc.
2026-05-15,Cyclicals,ADNT,22.53,Adient plc
2026-05-15,Cyclicals,GIII,29.75,"G-III Apparel Group, Ltd."
2026-05-15,Cyclicals,POOL,175.24,Pool Corporation
2026-05-15,Asset Plays,DQ,18.75,Daqo New Energy Corp.
2026-05-15,Asset Plays,PSEC,2.18,Prospect Capital Corporation
2026-05-15,Asset Plays,FCRS,10.25,FutureCrest Acquisition Corp.
2026-05-15,Asset Plays,GLPG,27.51,Galapagos N.V.
2026-05-15,Asset Plays,KKRS,16.62,KKR Group Finance Co. IX LLC 4
2026-05-15,Lynch 10-Baggers,OPRA,18.1,Opera Limited
2026-05-15,Lynch 10-Baggers,ADMA,8.5,"ADMA Biologics, Inc."
2026-05-15,Lynch 10-Baggers,ANIP,79.58,"ANI Pharmaceuticals, Inc."
2026-05-15,Lynch 10-Baggers,INSP,42.66,"Inspire Medical Systems, Inc."
2026-05-15,Lynch 10-Baggers,AFYA,13.81,Afya Limited
2026-05-15,Off-the-Radar,ALKT,16.62,"Alkami Technology, Inc."
2026-05-15,Off-the-Radar,USNA,17.96,"USANA Health Sciences, Inc."
2026-05-15,Off-the-Radar,NSP,28.93,"Insperity, Inc."
2026-05-15,Off-the-Radar,AGCC,18.7,Agencia Comercial Spirits Ltd
2026-05-15,Off-the-Radar,API,3.85,"Agora, Inc."
2026-05-18,IV Discount,HRB,37.25,"H&R Block, Inc."
2026-05-18,IV Discount,TRV,299.76,"The Travelers Companies, Inc."
2026-05-18,IV Discount,MMS,59.36,"Maximus, Inc."
2026-05-18,IV Discount,TIMB,21.92,TIM S.A.
2026-05-18,IV Discount,IT,146.23,"Gartner, Inc."
2026-05-18,Quality Compounders,PAYC,136.24,"Paycom Software, Inc."
2026-05-18,Quality Compounders,V,325.75,Visa Inc.
2026-05-18,Quality Compounders,ANET,141.97,"Arista Networks, Inc."
2026-05-18,Quality Compounders,ZTS,74.22,Zoetis Inc.
2026-05-18,Quality Compounders,DECK,93.56,Deckers Outdoor Corporation
2026-05-18,Stalwarts,DECK,93.56,Deckers Outdoor Corporation
2026-05-18,Stalwarts,PAYC,136.24,"Paycom Software, Inc."
2026-05-18,Stalwarts,GIB,63.11,CGI Inc.
2026-05-18,Stalwarts,THG,194.64,"The Hanover Insurance Group, I"
2026-05-18,Stalwarts,CON,25.87,Concentra Group Holdings Paren
2026-05-18,Fast Growers,XZO,13.56,"Exzeo Group, Inc."
2026-05-18,Fast Growers,BKTI,83.44,BK Technologies Corporation
2026-05-18,Fast Growers,SII,129.04,Sprott Inc.
2026-05-18,Fast Growers,FIX,1993.41,"Comfort Systems USA, Inc."
2026-05-18,Fast Growers,TKO,190.07,"TKO Group Holdings, Inc."
2026-05-18,Turnarounds,TKO,190.07,"TKO Group Holdings, Inc."
2026-05-18,Turnarounds,AMTM,22.98,"Amentum Holdings, Inc."
2026-05-18,Turnarounds,CBZ,28.92,"CBIZ, Inc."
2026-05-18,Turnarounds,INSP,40.05,"Inspire Medical Systems, Inc."
2026-05-18,Turnarounds,CURB,27.6,Curbline Properties Corp.
2026-05-18,Slow Growers,ABEV,3.07,Ambev S.A.
2026-05-18,Slow Growers,BSM,14.01,"Black Stone Minerals, L.P."
2026-05-18,Slow Growers,VOC,3.29,VOC Energy Trust
2026-05-18,Slow Growers,APAM,36.43,Artisan Partners Asset Managem
2026-05-18,Slow Growers,WU,8.34,The Western Union Company
2026-05-18,Cyclicals,JBI,4.81,"Janus International Group, Inc"
2026-05-18,Cyclicals,OIS,9.01,"Oil States International, Inc."
2026-05-18,Cyclicals,WGO,28.82,"Winnebago Industries, Inc."
2026-05-18,Cyclicals,RHI,25.12,Robert Half International Inc.
2026-05-18,Cyclicals,SXC,7.62,"SunCoke Energy, Inc."
2026-05-18,Asset Plays,DQ,18.19,Daqo New Energy Corp.
2026-05-18,Asset Plays,INN,5.24,"Summit Hotel Properties, Inc."
2026-05-18,Asset Plays,CLW,13.25,Clearwater Paper Corporation
2026-05-18,Asset Plays,FCRS,10.23,FutureCrest Acquisition Corp.
2026-05-18,Asset Plays,EXOD,6.43,"Exodus Movement, Inc."
2026-05-18,Lynch 10-Baggers,MNTN,7.78,MNTN Inc.
2026-05-18,Lynch 10-Baggers,INSP,40.05,"Inspire Medical Systems, Inc."
2026-05-18,Lynch 10-Baggers,BKTI,83.44,BK Technologies Corporation
2026-05-18,Lynch 10-Baggers,INFU,8.77,"InfuSystem Holdings, Inc."
2026-05-18,Lynch 10-Baggers,YALA,6.56,Yalla Group Limited
2026-05-18,Off-the-Radar,BH,267.44,Biglari Holdings Inc.
2026-05-18,Off-the-Radar,USNA,17.98,"USANA Health Sciences, Inc."
2026-05-18,Off-the-Radar,CMCL,23.04,Caledonia Mining Corporation P
2026-05-18,Off-the-Radar,TXO,13.07,"TXO Partners, L.P."
2026-05-18,Off-the-Radar,LUXE,7.59,LuxExperience B.V.
2026-05-19,IV Discount,HRB,38.71,"H&R Block, Inc."
2026-05-19,IV Discount,TRV,305.99,"The Travelers Companies, Inc."
2026-05-19,IV Discount,MMS,59.65,"Maximus, Inc."
2026-05-19,IV Discount,TIMB,22.17,TIM S.A.
2026-05-19,IV Discount,IT,155.43,"Gartner, Inc."
2026-05-19,Quality Compounders,PAYC,139.18,"Paycom Software, Inc."
2026-05-19,Quality Compounders,V,332.64,Visa Inc.
2026-05-19,Quality Compounders,ANET,141.71,"Arista Networks, Inc."
2026-05-19,Quality Compounders,ZTS,77.72,Zoetis Inc.
2026-05-19,Quality Compounders,DECK,94.61,Deckers Outdoor Corporation
2026-05-19,Stalwarts,DECK,94.61,Deckers Outdoor Corporation
2026-05-19,Stalwarts,PAYC,139.18,"Paycom Software, Inc."
2026-05-19,Stalwarts,GIB,65.08,CGI Inc.
2026-05-19,Stalwarts,THG,197.54,"The Hanover Insurance Group, I"
2026-05-19,Stalwarts,CON,26.08,Concentra Group Holdings Paren
2026-05-19,Fast Growers,XZO,13.71,"Exzeo Group, Inc."
2026-05-19,Fast Growers,BKTI,84,BK Technologies Corporation
2026-05-19,Fast Growers,SII,129.23,Sprott Inc.
2026-05-19,Fast Growers,FIX,1853.84,"Comfort Systems USA, Inc."
2026-05-19,Fast Growers,TKO,194.07,"TKO Group Holdings, Inc."
2026-05-19,Turnarounds,TKO,194.07,"TKO Group Holdings, Inc."
2026-05-19,Turnarounds,AMTM,23.29,"Amentum Holdings, Inc."
2026-05-19,Turnarounds,CBZ,30.87,"CBIZ, Inc."
2026-05-19,Turnarounds,INSP,41.83,"Inspire Medical Systems, Inc."
2026-05-19,Turnarounds,CURB,27.73,Curbline Properties Corp.
2026-05-19,Slow Growers,ABEV,3.14,Ambev S.A.
2026-05-19,Slow Growers,NBXG,15.2,Neuberger Next Generation Conn
2026-05-19,Slow Growers,BSM,14.06,"Black Stone Minerals, L.P."
2026-05-19,Slow Growers,VOC,3.27,VOC Energy Trust
2026-05-19,Slow Growers,APAM,36.68,Artisan Partners Asset Managem
2026-05-19,Cyclicals,JBI,4.88,"Janus International Group, Inc"
2026-05-19,Cyclicals,OIS,9.18,"Oil States International, Inc."
2026-05-19,Cyclicals,WGO,29.04,"Winnebago Industries, Inc."
2026-05-19,Cyclicals,RHI,26.18,Robert Half International Inc.
2026-05-19,Cyclicals,SXC,7.75,"SunCoke Energy, Inc."
2026-05-19,Asset Plays,DQ,17.45,Daqo New Energy Corp.
2026-05-19,Asset Plays,CLW,13.62,Clearwater Paper Corporation
2026-05-19,Asset Plays,FCRS,10.22,FutureCrest Acquisition Corp.
2026-05-19,Asset Plays,ARL,13.9,"American Realty Investors, Inc"
2026-05-19,Asset Plays,LUXE,7.79,LuxExperience B.V.
2026-05-19,Lynch 10-Baggers,MNTN,8.19,MNTN Inc.
2026-05-19,Lynch 10-Baggers,DV,9.27,"DoubleVerify Holdings, Inc."
2026-05-19,Lynch 10-Baggers,INSP,41.83,"Inspire Medical Systems, Inc."
2026-05-19,Lynch 10-Baggers,ELMD,38.24,"Electromed, Inc."
2026-05-19,Lynch 10-Baggers,TPB,89.14,"Turning Point Brands, Inc."
2026-05-19,Off-the-Radar,BH,273.7,Biglari Holdings Inc.
2026-05-19,Off-the-Radar,ALKT,16.99,"Alkami Technology, Inc."
2026-05-19,Off-the-Radar,USNA,18.04,"USANA Health Sciences, Inc."
2026-05-19,Off-the-Radar,CMCL,23.69,Caledonia Mining Corporation P
2026-05-19,Off-the-Radar,TTGT,4.62,"TechTarget, Inc."
2026-05-21,IV Discount,HRB,39.8,"H&R Block, Inc."
2026-05-21,IV Discount,TRV,306.96,"The Travelers Companies, Inc."
2026-05-21,IV Discount,MMS,60.13,"Maximus, Inc."
2026-05-21,IV Discount,TIMB,22.53,TIM S.A.
2026-05-21,IV Discount,IT,158.46,"Gartner, Inc."
2026-05-21,Quality Compounders,PAYC,137.98,"Paycom Software, Inc."
2026-05-21,Quality Compounders,V,330.75,Visa Inc.
2026-05-21,Quality Compounders,ANET,140.49,"Arista Networks, Inc."
2026-05-21,Quality Compounders,ZTS,79.71,Zoetis Inc.
2026-05-21,Quality Compounders,DECK,98.24,Deckers Outdoor Corporation
2026-05-21,Stalwarts,DECK,98.24,Deckers Outdoor Corporation
2026-05-21,Stalwarts,PAYC,137.98,"Paycom Software, Inc."
2026-05-21,Stalwarts,GIB,65.4,CGI Inc.
2026-05-21,Stalwarts,THG,194.56,"The Hanover Insurance Group, I"
2026-05-21,Stalwarts,CON,25.42,Concentra Group Holdings Paren
2026-05-21,Fast Growers,XZO,12.84,"Exzeo Group, Inc."
2026-05-21,Fast Growers,BKTI,84.17,BK Technologies Corporation
2026-05-21,Fast Growers,SII,127.17,Sprott Inc.
2026-05-21,Fast Growers,FIX,1837.52,"Comfort Systems USA, Inc."
2026-05-21,Fast Growers,TKO,194.28,"TKO Group Holdings, Inc."
2026-05-21,Turnarounds,TKO,194.28,"TKO Group Holdings, Inc."
2026-05-21,Turnarounds,AMTM,22.5,"Amentum Holdings, Inc."
2026-05-21,Turnarounds,CBZ,31.59,"CBIZ, Inc."
2026-05-21,Turnarounds,INSP,44.14,"Inspire Medical Systems, Inc."
2026-05-21,Turnarounds,CURB,28.41,Curbline Properties Corp.
2026-05-21,Slow Growers,ABEV,3.23,Ambev S.A.
2026-05-21,Slow Growers,NBXG,15.33,Neuberger Next Generation Conn
2026-05-21,Slow Growers,BSM,13.93,"Black Stone Minerals, L.P."
2026-05-21,Slow Growers,VOC,3.12,VOC Energy Trust
2026-05-21,Slow Growers,APAM,36.45,Artisan Partners Asset Managem
2026-05-21,Cyclicals,JBI,5.03,"Janus International Group, Inc"
2026-05-21,Cyclicals,OIS,9,"Oil States International, Inc."
2026-05-21,Cyclicals,WGO,29.17,"Winnebago Industries, Inc."
2026-05-21,Cyclicals,RHI,26.23,Robert Half International Inc.
2026-05-21,Cyclicals,SXC,7.88,"SunCoke Energy, Inc."
2026-05-21,Asset Plays,DQ,17.5,Daqo New Energy Corp.
2026-05-21,Asset Plays,CLW,13.59,Clearwater Paper Corporation
2026-05-21,Asset Plays,FCRS,10.26,FutureCrest Acquisition Corp.
2026-05-21,Asset Plays,ARL,13.99,"American Realty Investors, Inc"
2026-05-21,Asset Plays,LUXE,7.34,LuxExperience B.V.
2026-05-21,Lynch 10-Baggers,MNTN,8.06,MNTN Inc.
2026-05-21,Lynch 10-Baggers,DV,9.38,"DoubleVerify Holdings, Inc."
2026-05-21,Lynch 10-Baggers,INSP,44.14,"Inspire Medical Systems, Inc."
2026-05-21,Lynch 10-Baggers,ELMD,37.74,"Electromed, Inc."
2026-05-21,Lynch 10-Baggers,TPB,91.2,"Turning Point Brands, Inc."
2026-05-21,Off-the-Radar,BH,268.13,Biglari Holdings Inc.
2026-05-21,Off-the-Radar,ALKT,16.84,"Alkami Technology, Inc."
2026-05-21,Off-the-Radar,USNA,18.14,"USANA Health Sciences, Inc."
2026-05-21,Off-the-Radar,CMCL,22.96,Caledonia Mining Corporation P
2026-05-21,Off-the-Radar,TXO,13.23,"TXO Partners, L.P."
2026-05-21,IV Discount,DLO,12.18,DLocal Limited
2026-05-21,Quality Compounders,ADBE,245.17,Adobe Inc.
2026-05-21,Quality Compounders,DLO,12.18,DLocal Limited
2026-05-21,Quality Compounders,QLYS,99.57,"Qualys, Inc."
2026-05-21,Quality Compounders,EXEL,49.9,"Exelixis, Inc."
2026-05-21,Quality Compounders,DAVE,230.25,Dave Inc.
2026-05-21,Stalwarts,ADBE,245.17,Adobe Inc.
2026-05-21,Stalwarts,QLYS,99.57,"Qualys, Inc."
2026-05-21,Stalwarts,RYAAY,57.59,Ryanair Holdings plc
2026-05-21,Stalwarts,PTC,146.39,PTC Inc.
2026-05-21,Fast Growers,DLO,12.18,DLocal Limited
2026-05-21,Fast Growers,DAVE,230.25,Dave Inc.
2026-05-21,Fast Growers,ADBE,245.17,Adobe Inc.
2026-05-21,Fast Growers,HALO,68.45,"Halozyme Therapeutics, Inc."
2026-05-21,Turnarounds,DUOL,106.42,"Duolingo, Inc."
2026-05-21,Turnarounds,BILL,36.86,"Bill.com Holdings, Inc."
2026-05-21,Slow Growers,WU,8.45,The Western Union Company
2026-05-21,Slow Growers,ARLP,24.88,"Alliance Resource Partners, L."
2026-05-21,Slow Growers,AB,38.03,AllianceBernstein Holding L.P.
2026-05-21,Cyclicals,MHK,100.37,"Mohawk Industries, Inc."
2026-05-21,Cyclicals,BTU,24.22,Peabody Energy Corporation
2026-05-21,Cyclicals,GPGI,11.78,"GPGI, Inc."
2026-05-21,Cyclicals,UFPI,80.06,"UFP Industries, Inc."
2026-05-21,Asset Plays,TAL,10.11,TAL Education Group
2026-05-21,Asset Plays,PSEC,2.25,Prospect Capital Corporation
2026-05-21,Asset Plays,KKRS,16.27,KKR Group Finance Co. IX LLC 4
2026-05-21,Lynch 10-Baggers,ADMA,8.52,"ADMA Biologics, Inc."
2026-05-21,Lynch 10-Baggers,PGY,13.12,Pagaya Technologies Ltd.
2026-05-21,Lynch 10-Baggers,ODD,12.2,Oddity Tech Ltd.
2026-05-21,Off-the-Radar,GRNT,5.49,"Granite Ridge Resources, Inc"
2026-05-22,IV Discount,HRB,37.89,"H&R Block, Inc."
2026-05-22,IV Discount,TRV,307.23,"The Travelers Companies, Inc."
2026-05-22,IV Discount,DLO,12.24,DLocal Limited
2026-05-22,IV Discount,MMS,61.39,"Maximus, Inc."
2026-05-22,IV Discount,TIMB,22.64,TIM S.A.
2026-05-22,Quality Compounders,ADBE,244.1,Adobe Inc.
2026-05-22,Quality Compounders,DLO,12.24,DLocal Limited
2026-05-22,Quality Compounders,QLYS,100.85,"Qualys, Inc."
2026-05-22,Quality Compounders,EXEL,49.65,"Exelixis, Inc."
2026-05-22,Quality Compounders,DAVE,240.9,Dave Inc.
2026-05-22,Stalwarts,ADBE,244.1,Adobe Inc.
2026-05-22,Stalwarts,QLYS,100.85,"Qualys, Inc."
2026-05-22,Stalwarts,DECK,102.62,Deckers Outdoor Corporation
2026-05-22,Stalwarts,RYAAY,57.42,Ryanair Holdings plc
2026-05-22,Stalwarts,PTC,145.84,PTC Inc.
2026-05-22,Fast Growers,DLO,12.24,DLocal Limited
2026-05-22,Fast Growers,DAVE,240.9,Dave Inc.
2026-05-22,Fast Growers,ADBE,244.1,Adobe Inc.
2026-05-22,Fast Growers,HALO,68.52,"Halozyme Therapeutics, Inc."
2026-05-22,Fast Growers,SII,126.14,Sprott Inc.
2026-05-22,Turnarounds,TKO,191.63,"TKO Group Holdings, Inc."
2026-05-22,Turnarounds,AMTM,23.16,"Amentum Holdings, Inc."
2026-05-22,Turnarounds,DUOL,105.64,"Duolingo, Inc."
2026-05-22,Turnarounds,BILL,36.45,"Bill.com Holdings, Inc."
2026-05-22,Turnarounds,CURB,28.69,Curbline Properties Corp.
2026-05-22,Slow Growers,ABEV,3.27,Ambev S.A.
2026-05-22,Slow Growers,BSM,13.9,"Black Stone Minerals, L.P."
2026-05-22,Slow Growers,WU,8.5,The Western Union Company
2026-05-22,Slow Growers,ARLP,24.83,"Alliance Resource Partners, L."
2026-05-22,Slow Growers,AB,38.17,AllianceBernstein Holding L.P.
2026-05-22,Cyclicals,MHK,102.33,"Mohawk Industries, Inc."
2026-05-22,Cyclicals,BTU,24.41,Peabody Energy Corporation
2026-05-22,Cyclicals,RHI,27.18,Robert Half International Inc.
2026-05-22,Cyclicals,GPGI,11.96,"GPGI, Inc."
2026-05-22,Cyclicals,UFPI,80.58,"UFP Industries, Inc."
2026-05-22,Asset Plays,DQ,17.96,Daqo New Energy Corp.
2026-05-22,Asset Plays,TAL,10.07,TAL Education Group
2026-05-22,Asset Plays,FCRS,10.21,FutureCrest Acquisition Corp.
2026-05-22,Asset Plays,PSEC,2.26,Prospect Capital Corporation
2026-05-22,Asset Plays,KKRS,16.31,KKR Group Finance Co. IX LLC 4
2026-05-22,Lynch 10-Baggers,MNTN,8.14,MNTN Inc.
2026-05-22,Lynch 10-Baggers,ADMA,8.46,"ADMA Biologics, Inc."
2026-05-22,Lynch 10-Baggers,TPB,91.52,"Turning Point Brands, Inc."
2026-05-22,Lynch 10-Baggers,PGY,13.08,Pagaya Technologies Ltd.
2026-05-22,Lynch 10-Baggers,ODD,12.39,Oddity Tech Ltd.
2026-05-22,Off-the-Radar,BH,273.95,Biglari Holdings Inc.
2026-05-22,Off-the-Radar,ALKT,16.87,"Alkami Technology, Inc."
2026-05-22,Off-the-Radar,TXO,13.75,"TXO Partners, L.P."
2026-05-22,Off-the-Radar,GRNT,5.5,"Granite Ridge Resources, Inc"
2026-05-22,Off-the-Radar,USNA,18.56,"USANA Health Sciences, Inc."
2026-06-08,IV Discount,HRB,37.7,"H&R Block, Inc."
2026-06-08,IV Discount,TRV,297.79,"The Travelers Companies, Inc."
2026-06-08,IV Discount,DLO,11.35,DLocal Limited
2026-06-08,IV Discount,MMS,60.23,"Maximus, Inc."
2026-06-08,IV Discount,TIMB,21.36,TIM S.A.
2026-06-08,Quality Compounders,ADBE,246.47,Adobe Inc.
2026-06-08,Quality Compounders,QLYS,108.65,"Qualys, Inc."
2026-06-08,Quality Compounders,DLO,11.35,DLocal Limited
2026-06-08,Quality Compounders,EXEL,51.71,"Exelixis, Inc."
2026-06-08,Quality Compounders,DAVE,278.07,Dave Inc.
2026-06-08,Stalwarts,ADBE,246.47,Adobe Inc.
2026-06-08,Stalwarts,QLYS,108.65,"Qualys, Inc."
2026-06-08,Stalwarts,DECK,110.76,Deckers Outdoor Corporation
2026-06-08,Stalwarts,RYAAY,56.88,Ryanair Holdings plc
2026-06-08,Stalwarts,PTC,136.47,PTC Inc.
2026-06-08,Fast Growers,DLO,11.35,DLocal Limited
2026-06-08,Fast Growers,DAVE,278.07,Dave Inc.
2026-06-08,Fast Growers,ADBE,246.47,Adobe Inc.
2026-06-08,Fast Growers,HALO,71.49,"Halozyme Therapeutics, Inc."
2026-06-08,Fast Growers,TOST,24.41,"Toast, Inc."
2026-06-08,Turnarounds,TKO,203.45,"TKO Group Holdings, Inc."
2026-06-08,Turnarounds,AMTM,22.91,"Amentum Holdings, Inc."
2026-06-08,Turnarounds,DUOL,119.13,"Duolingo, Inc."
2026-06-08,Turnarounds,PLMR,108.69,"Palomar Holdings, Inc."
2026-06-08,Turnarounds,BILL,35.34,"Bill.com Holdings, Inc."
2026-06-08,Slow Growers,ABEV,3.08,Ambev S.A.
2026-06-08,Slow Growers,BSM,13.99,"Black Stone Minerals, L.P."
2026-06-08,Slow Growers,WU,7.33,The Western Union Company
2026-06-08,Slow Growers,ARLP,25.8,"Alliance Resource Partners, L.P."
2026-06-08,Slow Growers,AB,36.87,AllianceBernstein Holding L.P.
2026-06-08,Cyclicals,MHK,102.18,"Mohawk Industries, Inc."
2026-06-08,Cyclicals,BTU,28.37,Peabody Energy Corporation
2026-06-08,Cyclicals,RHI,31.53,Robert Half International Inc.
2026-06-08,Cyclicals,DQ,15.5,Daqo New Energy Corp.
2026-06-08,Cyclicals,UFPI,81.8,"UFP Industries, Inc."
2026-06-08,Asset Plays,DQ,15.5,Daqo New Energy Corp.
2026-06-08,Asset Plays,TAL,9.52,TAL Education Group
2026-06-08,Asset Plays,PSEC,2.25,Prospect Capital Corporation
2026-06-08,Asset Plays,GNW,8.63,"Genworth Financial, Inc."
2026-06-08,Asset Plays,BABA,121.39,Alibaba Group Holding Limited
2026-06-08,Lynch 10-Baggers,MNTN,9.16,MNTN Inc.
2026-06-08,Lynch 10-Baggers,ADMA,8.07,"ADMA Biologics, Inc."
2026-06-08,Lynch 10-Baggers,TPB,85.73,"Turning Point Brands, Inc."
2026-06-08,Lynch 10-Baggers,PGY,15.29,Pagaya Technologies Ltd.
2026-06-08,Lynch 10-Baggers,ODD,10.29,Oddity Tech Ltd.
2026-06-08,Off-the-Radar,BH,302.98,Biglari Holdings Inc.
2026-06-08,Off-the-Radar,ALKT,15.65,"Alkami Technology, Inc."
2026-06-08,Off-the-Radar,WEST,7.59,"Westrock Coffee Company, LLC"
2026-06-08,Off-the-Radar,GRNT,4.88,"Granite Ridge Resources, Inc"
2026-06-08,Off-the-Radar,VLN,2.28,Valens Semiconductor Ltd.
2026-06-09,IV Discount,HRB,38.03,"H&R Block, Inc."
2026-06-09,IV Discount,TRV,299.11,"The Travelers Companies, Inc."
2026-06-09,IV Discount,DLO,11.59,DLocal Limited
2026-06-09,IV Discount,MMS,60.73,"Maximus, Inc."
2026-06-09,IV Discount,TIMB,21.61,TIM S.A.
2026-06-09,Quality Compounders,ADBE,239.25,Adobe Inc.
2026-06-09,Quality Compounders,NVDA,205.99,NVIDIA Corporation
2026-06-09,Quality Compounders,QLYS,108.46,"Qualys, Inc."
2026-06-09,Quality Compounders,DLO,11.59,DLocal Limited
2026-06-09,Quality Compounders,EXEL,52.28,"Exelixis, Inc."
2026-06-09,Stalwarts,ADBE,239.25,Adobe Inc.
2026-06-09,Stalwarts,QLYS,108.46,"Qualys, Inc."
2026-06-09,Stalwarts,DECK,113.4,Deckers Outdoor Corporation
2026-06-09,Stalwarts,RYAAY,57.74,Ryanair Holdings plc
2026-06-09,Stalwarts,PTC,136.21,PTC Inc.
2026-06-09,Fast Growers,DLO,11.59,DLocal Limited
2026-06-09,Fast Growers,DAVE,275.35,Dave Inc.
2026-06-09,Fast Growers,ADBE,239.25,Adobe Inc.
2026-06-09,Fast Growers,HALO,70.42,"Halozyme Therapeutics, Inc."
2026-06-09,Fast Growers,TOST,24.31,"Toast, Inc."
2026-06-09,Turnarounds,TKO,204.36,"TKO Group Holdings, Inc."
2026-06-09,Turnarounds,AMTM,22.26,"Amentum Holdings, Inc."
2026-06-09,Turnarounds,DUOL,121.29,"Duolingo, Inc."
2026-06-09,Turnarounds,PLMR,109.32,"Palomar Holdings, Inc."
2026-06-09,Turnarounds,BILL,34.3,"Bill.com Holdings, Inc."
2026-06-09,Slow Growers,ABEV,3.13,Ambev S.A.
2026-06-09,Slow Growers,BSM,13.6,"Black Stone Minerals, L.P."
2026-06-09,Slow Growers,WU,7.43,The Western Union Company
2026-06-09,Slow Growers,ARLP,25.31,"Alliance Resource Partners, L.P."
2026-06-09,Slow Growers,AB,36.92,AllianceBernstein Holding L.P.
2026-06-09,Cyclicals,MHK,105.08,"Mohawk Industries, Inc."
2026-06-09,Cyclicals,BTU,26.85,Peabody Energy Corporation
2026-06-09,Cyclicals,RHI,31.14,Robert Half International Inc.
2026-06-09,Cyclicals,DQ,14.64,Daqo New Energy Corp.
2026-06-09,Cyclicals,GPGI,11.79,"GPGI, Inc."
2026-06-09,Asset Plays,TAL,9.34,TAL Education Group
2026-06-09,Asset Plays,DQ,14.64,Daqo New Energy Corp.
2026-06-09,Asset Plays,PSEC,2.23,Prospect Capital Corporation
2026-06-09,Asset Plays,GNW,8.68,"Genworth Financial, Inc."
2026-06-09,Asset Plays,BABA,120.7,Alibaba Group Holding Limited
2026-06-09,Lynch 10-Baggers,MNTN,9.02,MNTN Inc.
2026-06-09,Lynch 10-Baggers,TPB,83.24,"Turning Point Brands, Inc."
2026-06-09,Lynch 10-Baggers,DV,10.32,"DoubleVerify Holdings, Inc."
2026-06-09,Lynch 10-Baggers,NABL,3.37,"N-able, Inc."
2026-06-09,Lynch 10-Baggers,ADMA,8.21,"ADMA Biologics, Inc."
2026-06-09,Off-the-Radar,BH,307.76,Biglari Holdings Inc.
2026-06-09,Off-the-Radar,WEST,7.86,"Westrock Coffee Company, LLC"
2026-06-09,Off-the-Radar,ALKT,15.56,"Alkami Technology, Inc."
2026-06-09,Off-the-Radar,GRNT,4.72,"Granite Ridge Resources, Inc"
2026-06-09,Off-the-Radar,TXO,13.37,"TXO Partners, L.P."
2026-06-09,Cyclicals,UFPI,83.04,"UFP Industries, Inc."
2026-06-09,Asset Plays,SOHU,13.28,Sohu.com Limited
2026-06-11,IV Discount,HRB,37.21,"H&R Block, Inc."
2026-06-11,IV Discount,TRV,303.36,"The Travelers Companies, Inc."
2026-06-11,IV Discount,MMS,61.34,"Maximus, Inc."
2026-06-11,IV Discount,TIMB,21.58,TIM S.A.
2026-06-11,IV Discount,IT,154.91,"Gartner, Inc."
2026-06-11,Quality Compounders,ADBE,233.38,Adobe Inc.
2026-06-11,Quality Compounders,NVDA,200.42,NVIDIA Corporation
2026-06-11,Quality Compounders,QLYS,110.2,"Qualys, Inc."
2026-06-11,Quality Compounders,DLO,11.78,DLocal Limited
2026-06-11,Quality Compounders,EXEL,52.58,"Exelixis, Inc."
2026-06-11,Stalwarts,DECK,111.18,Deckers Outdoor Corporation
2026-06-11,Stalwarts,ADBE,233.38,Adobe Inc.
2026-06-11,Stalwarts,PAYC,136.72,"Paycom Software, Inc."
2026-06-11,Stalwarts,ACN,170.5,Accenture plc
2026-06-11,Stalwarts,QLYS,110.2,"Qualys, Inc."
2026-06-11,Fast Growers,DLO,11.78,DLocal Limited
2026-06-11,Fast Growers,DAVE,270.9,Dave Inc.
2026-06-11,Fast Growers,ADBE,233.38,Adobe Inc.
2026-06-11,Fast Growers,HALO,70.5,"Halozyme Therapeutics, Inc."
2026-06-11,Fast Growers,TOST,24.3,"Toast, Inc."
2026-06-11,Turnarounds,TKO,206.43,"TKO Group Holdings, Inc."
2026-06-11,Turnarounds,BILL,32.39,"Bill.com Holdings, Inc."
2026-06-11,Turnarounds,CURB,29.63,Curbline Properties Corp.
2026-06-11,Turnarounds,AMTM,21.98,"Amentum Holdings, Inc."
2026-06-11,Turnarounds,CTRE,37.73,"CareTrust REIT, Inc."
2026-06-11,Slow Growers,ABEV,3.11,Ambev S.A.
2026-06-11,Slow Growers,BSM,13.8,"Black Stone Minerals, L.P."
2026-06-11,Slow Growers,WU,7.35,The Western Union Company
2026-06-11,Slow Growers,ARLP,25.25,"Alliance Resource Partners, L.P."
2026-06-11,Slow Growers,AB,37.02,AllianceBernstein Holding L.P.
2026-06-11,Cyclicals,MHK,101.75,"Mohawk Industries, Inc."
2026-06-11,Cyclicals,BTU,26.25,Peabody Energy Corporation
2026-06-11,Cyclicals,RHI,31.24,Robert Half International Inc.
2026-06-11,Cyclicals,GPGI,11.52,"GPGI, Inc."
2026-06-11,Cyclicals,UFPI,82.08,"UFP Industries, Inc."
2026-06-11,Asset Plays,TAL,9.3,TAL Education Group
2026-06-11,Asset Plays,BABA,115.38,Alibaba Group Holding Limited
2026-06-11,Asset Plays,PSEC,2.24,Prospect Capital Corporation
2026-06-11,Asset Plays,GNW,8.93,"Genworth Financial, Inc."
2026-06-11,Asset Plays,SOHU,13.64,Sohu.com Limited
2026-06-11,Lynch 10-Baggers,MNTN,8.53,MNTN Inc.
2026-06-11,Lynch 10-Baggers,TPB,80.06,"Turning Point Brands, Inc."
2026-06-11,Lynch 10-Baggers,DV,10.32,"DoubleVerify Holdings, Inc."
2026-06-11,Lynch 10-Baggers,NABL,3.07,"N-able, Inc."
2026-06-11,Lynch 10-Baggers,ADMA,8.48,"ADMA Biologics, Inc."
2026-06-11,Off-the-Radar,BH,311.86,Biglari Holdings Inc.
2026-06-11,Off-the-Radar,WEST,8.93,"Westrock Coffee Company, LLC"
2026-06-11,Off-the-Radar,ALKT,15.01,"Alkami Technology, Inc."
2026-06-11,Off-the-Radar,GRNT,5.01,"Granite Ridge Resources, Inc"
2026-06-11,Off-the-Radar,TXO,13.52,"TXO Partners, L.P."
2026-06-11,Composite Value,BBWI,18.12,"Bath & Body Works, Inc."
2026-06-11,Composite Value,ONIT,37.17,Onity Group Inc.
2026-06-11,Composite Value,HRB,37.21,"H&R Block, Inc."
2026-06-11,Composite Value,AMCX,10.2,AMC Networks Inc.
2026-06-11,Composite Value,BGS,4.02,"B&G Foods, Inc."
2026-06-11,Earnings Momentum,GLW,168.17,Corning Incorporated
2026-06-11,Earnings Momentum,DINO,70.76,HF Sinclair Corporation
2026-06-11,Earnings Momentum,SSL,13.54,Sasol Limited
2026-06-11,Earnings Momentum,GEO,28.14,"The GEO Group, Inc."
2026-06-11,Earnings Momentum,ECG,136.72,"Everus Construction Group, Inc."
2026-06-11,IV Discount,DLO,12.18,DLocal Limited
2026-06-11,IV Discount,PYPL,40.52,"PayPal Holdings, Inc."
2026-06-11,Quality Compounders,DAVE,267.82,Dave Inc.
2026-06-11,Stalwarts,LOPE,149.66,"Grand Canyon Education, Inc."
2026-06-11,Stalwarts,RYAAY,56.9,Ryanair Holdings plc
2026-06-11,Fast Growers,ISSC,18.67,"Innovative Aerosystems, Inc."
2026-06-11,Fast Growers,XZO,13.22,"Exzeo Group, Inc."
2026-06-11,Fast Growers,PLMR,115.7,"Palomar Holdings, Inc."
2026-06-11,Turnarounds,DUOL,119.82,"Duolingo, Inc."
2026-06-11,Turnarounds,MNDY,78.62,monday.com Ltd.
2026-06-11,Slow Growers,SIGA,4.26,"SIGA Technologies, Inc."
2026-06-11,Slow Growers,NRT,7.89,North European Oil Royalty Trust
2026-06-11,Slow Growers,APAM,35.16,Artisan Partners Asset Management Inc.
2026-06-11,Cyclicals,OIS,8.47,"Oil States International, Inc."
2026-06-11,Cyclicals,WGO,27.53,"Winnebago Industries, Inc."
2026-06-11,Cyclicals,JBI,5.11,"Janus International Group, Inc."
2026-06-11,Asset Plays,DQ,15.43,Daqo New Energy Corp.
2026-06-11,Asset Plays,LKFT,28.67,Lakefront Biotherapeutics N.V.
2026-06-11,Asset Plays,XE,18.33,"X-Energy, Inc. Class A Common Stock"
2026-06-11,Asset Plays,GASS,9.5,StealthGas Inc.
2026-06-11,Lynch 10-Baggers,ISSC,18.67,"Innovative Aerosystems, Inc."
2026-06-11,Lynch 10-Baggers,OPRA,17.52,Opera Limited
2026-06-11,Lynch 10-Baggers,ERII,8.07,"Energy Recovery, Inc."
2026-06-11,Off-the-Radar,USNA,19.38,"USANA Health Sciences, Inc."
2026-06-11,Off-the-Radar,VLN,2.15,Valens Semiconductor Ltd.
2026-06-11,Composite Value,HLF,11.46,Herbalife Nutrition Ltd.
2026-06-11,Composite Value,FINV,4.88,FinVolution Group
2026-06-11,Composite Value,CRTO,17.42,Criteo S.A.
2026-06-11,Earnings Momentum,NBIS,215.01,Nebius Group N.V.
2026-06-11,Earnings Momentum,LQDA,69.39,Liquidia Corporation
2026-06-11,Earnings Momentum,VICR,286.3,Vicor Corporation
2026-06-11,Earnings Momentum,PTEN,12.02,"Patterson-UTI Energy, Inc."
2026-06-12,IV Discount,HRB,36.09,"H&R Block, Inc."
2026-06-12,IV Discount,DLO,12.35,DLocal Limited
2026-06-12,IV Discount,PYPL,41.15,"PayPal Holdings, Inc."
2026-06-12,IV Discount,TRV,298.12,"The Travelers Companies, Inc."
2026-06-12,IV Discount,MMS,62.12,"Maximus, Inc."
2026-06-12,Quality Compounders,ADBE,201.69,Adobe Inc.
2026-06-12,Quality Compounders,DAVE,266.49,Dave Inc.
2026-06-12,Quality Compounders,NVDA,205.68,NVIDIA Corporation
2026-06-12,Quality Compounders,QLYS,112.51,"Qualys, Inc."
2026-06-12,Quality Compounders,DLO,12.35,DLocal Limited
2026-06-12,Stalwarts,LOPE,150.19,"Grand Canyon Education, Inc."
2026-06-12,Stalwarts,ADBE,201.69,Adobe Inc.
2026-06-12,Stalwarts,RYAAY,60.35,Ryanair Holdings plc
2026-06-12,Stalwarts,QLYS,112.51,"Qualys, Inc."
2026-06-12,Stalwarts,DECK,114.56,Deckers Outdoor Corporation
2026-06-12,Fast Growers,DAVE,266.49,Dave Inc.
2026-06-12,Fast Growers,DLO,12.35,DLocal Limited
2026-06-12,Fast Growers,ISSC,18.59,"Innovative Aerosystems, Inc."
2026-06-12,Fast Growers,XZO,13.21,"Exzeo Group, Inc."
2026-06-12,Fast Growers,PLMR,114.72,"Palomar Holdings, Inc."
2026-06-12,Turnarounds,DUOL,119.55,"Duolingo, Inc."
2026-06-12,Turnarounds,TKO,211.03,"TKO Group Holdings, Inc."
2026-06-12,Turnarounds,BILL,33.03,"Bill.com Holdings, Inc."
2026-06-12,Turnarounds,MNDY,77.38,monday.com Ltd.
2026-06-12,Turnarounds,CURB,30.48,Curbline Properties Corp.
2026-06-12,Slow Growers,SIGA,4.33,"SIGA Technologies, Inc."
2026-06-12,Slow Growers,ABEV,3.24,Ambev S.A.
2026-06-12,Slow Growers,NRT,7.7,North European Oil Royalty Trust
2026-06-12,Slow Growers,APAM,35.99,Artisan Partners Asset Management Inc.
2026-06-12,Slow Growers,BSM,13.95,"Black Stone Minerals, L.P."
2026-06-12,Cyclicals,OIS,8.57,"Oil States International, Inc."
2026-06-12,Cyclicals,MHK,108.43,"Mohawk Industries, Inc."
2026-06-12,Cyclicals,WGO,29.05,"Winnebago Industries, Inc."
2026-06-12,Cyclicals,JBI,5.36,"Janus International Group, Inc."
2026-06-12,Cyclicals,BTU,27.39,Peabody Energy Corporation
2026-06-12,Lynch 10-Baggers,ISSC,18.59,"Innovative Aerosystems, Inc."
2026-06-12,Lynch 10-Baggers,ADMA,8.31,"ADMA Biologics, Inc."
2026-06-12,Lynch 10-Baggers,MNTN,8.36,MNTN Inc.
2026-06-12,Lynch 10-Baggers,OPRA,17.82,Opera Limited
2026-06-12,Lynch 10-Baggers,ERII,8.21,"Energy Recovery, Inc."
2026-06-12,Off-the-Radar,BH,341.47,Biglari Holdings Inc.
2026-06-12,Off-the-Radar,ALKT,14.82,"Alkami Technology, Inc."
2026-06-12,Off-the-Radar,VLN,2.25,Valens Semiconductor Ltd.
2026-06-12,Off-the-Radar,PERI,8.34,Perion Network Ltd.
2026-06-12,Off-the-Radar,BBW,33.26,"Build-A-Bear Workshop, Inc."
2026-06-12,GARP,DAVE,266.49,Dave Inc.
2026-06-12,GARP,HCI,161.39,"HCI Group, Inc."
2026-06-12,GARP,ORC,6.58,"Orchid Island Capital, Inc."
2026-06-12,GARP,ENVA,191.4,"Enova International, Inc."
2026-06-12,GARP,AUPH,15.97,Aurinia Pharmaceuticals Inc.
2026-06-12,Earnings Momentum,NBIS,236.43,Nebius Group N.V.
2026-06-12,Earnings Momentum,LQDA,71.91,Liquidia Corporation
2026-06-12,Earnings Momentum,VICR,305.53,Vicor Corporation
2026-06-12,Earnings Momentum,PTEN,11.71,"Patterson-UTI Energy, Inc."
2026-06-12,Earnings Momentum,MYRG,445.25,MYR Group Inc.
2026-06-12,Contrarian,DUOL,119.55,"Duolingo, Inc."
2026-06-12,Contrarian,POOL,192.81,Pool Corporation
2026-06-12,Contrarian,FICO,1183.5,Fair Isaac Corporation
2026-06-12,Contrarian,MNDY,77.38,monday.com Ltd.
2026-06-12,Contrarian,ONON,38.7,On Holding AG
2026-06-12,Off-the-Radar,TLS,4.6,Telos Corporation
2026-06-12,Off-the-Radar,CMCL,20.25,Caledonia Mining Corporation Plc
2026-06-12,Off-the-Radar,GRNT,4.95,"Granite Ridge Resources, Inc"
2026-06-12,GARP,PFS,23.53,"Provident Financial Services, Inc."
2026-06-12,Contrarian,KLAC,247.16,KLA Corporation
2026-06-12,Off-the-Radar,USNA,20.07,"USANA Health Sciences, Inc."
2026-06-12,Off-the-Radar,NATR,20.74,"Nature's Sunshine Products, Inc."
2026-06-12,Off-the-Radar,TXO,13.26,"TXO Partners, L.P."
2026-06-13,IV Discount,HRB,36.52,"H&R Block, Inc."
2026-06-13,IV Discount,DLO,12.25,DLocal Limited
2026-06-13,IV Discount,PYPL,41.53,"PayPal Holdings, Inc."
2026-06-13,IV Discount,TRV,304.46,"The Travelers Companies, Inc."
2026-06-13,IV Discount,MMS,62.28,"Maximus, Inc."
2026-06-13,Quality Compounders,ADBE,204.02,Adobe Inc.
2026-06-13,Quality Compounders,DAVE,286.78,Dave Inc.
2026-06-13,Quality Compounders,NVDA,205.19,NVIDIA Corporation
2026-06-13,Quality Compounders,QLYS,111.24,"Qualys, Inc."
2026-06-13,Quality Compounders,DLO,12.25,DLocal Limited
2026-06-13,Stalwarts,LOPE,147.49,"Grand Canyon Education, Inc."
2026-06-13,Stalwarts,ADBE,204.02,Adobe Inc.
2026-06-13,Stalwarts,RYAAY,60.33,Ryanair Holdings plc
2026-06-13,Stalwarts,QLYS,111.24,"Qualys, Inc."
2026-06-13,Stalwarts,DECK,113.83,Deckers Outdoor Corporation
2026-06-13,Fast Growers,DAVE,286.78,Dave Inc.
2026-06-13,Fast Growers,DLO,12.25,DLocal Limited
2026-06-13,Fast Growers,ISSC,18.48,"Innovative Aerosystems, Inc."
2026-06-13,Fast Growers,XZO,13.1,"Exzeo Group, Inc."
2026-06-13,Fast Growers,PLMR,114.85,"Palomar Holdings, Inc."
2026-06-13,Turnarounds,DUOL,122.63,"Duolingo, Inc."
2026-06-13,Turnarounds,TKO,203.36,"TKO Group Holdings, Inc."
2026-06-13,Turnarounds,BILL,33.18,"Bill.com Holdings, Inc."
2026-06-13,Turnarounds,MNDY,77.57,monday.com Ltd.
2026-06-13,Turnarounds,CURB,30.96,Curbline Properties Corp.
2026-06-13,Slow Growers,SIGA,4.32,"SIGA Technologies, Inc."
2026-06-13,Slow Growers,ABEV,3.25,Ambev S.A.
2026-06-13,Slow Growers,NRT,7.67,North European Oil Royalty Trust
2026-06-13,Slow Growers,APAM,35.88,Artisan Partners Asset Management Inc.
2026-06-13,Slow Growers,BSM,13.97,"Black Stone Minerals, L.P."
2026-06-13,Cyclicals,OIS,8.5,"Oil States International, Inc."
2026-06-13,Cyclicals,MHK,107.64,"Mohawk Industries, Inc."
2026-06-13,Cyclicals,WGO,29.24,"Winnebago Industries, Inc."
2026-06-13,Cyclicals,JBI,5.35,"Janus International Group, Inc."
2026-06-13,Cyclicals,BTU,27.4,Peabody Energy Corporation
2026-06-13,Lynch 10-Baggers,ISSC,18.48,"Innovative Aerosystems, Inc."
2026-06-13,Lynch 10-Baggers,ADMA,8.21,"ADMA Biologics, Inc."
2026-06-13,Lynch 10-Baggers,MNTN,8.68,MNTN Inc.
2026-06-13,Lynch 10-Baggers,OPRA,18.18,Opera Limited
2026-06-13,Lynch 10-Baggers,ERII,8.33,"Energy Recovery, Inc."
2026-06-13,Off-the-Radar,BH,339.9,Biglari Holdings Inc.
2026-06-13,Off-the-Radar,ALKT,15.19,"Alkami Technology, Inc."
2026-06-13,Off-the-Radar,NATR,20.51,"Nature's Sunshine Products, Inc."
2026-06-13,Off-the-Radar,USNA,19.91,"USANA Health Sciences, Inc."
2026-06-13,Off-the-Radar,TXO,13.17,"TXO Partners, L.P."
2026-06-13,GARP,DAVE,286.78,Dave Inc.
2026-06-13,GARP,HCI,160.45,"HCI Group, Inc."
2026-06-13,GARP,ENVA,189.33,"Enova International, Inc."
2026-06-13,GARP,PFS,23.52,"Provident Financial Services, Inc."
2026-06-13,GARP,GEN,24.32,Gen Digital Inc.
2026-06-13,Earnings Momentum,NBIS,232.36,Nebius Group N.V.
2026-06-13,Earnings Momentum,LQDA,71.23,Liquidia Corporation
2026-06-13,Earnings Momentum,VICR,303.77,Vicor Corporation
2026-06-13,Earnings Momentum,PTEN,11.49,"Patterson-UTI Energy, Inc."
2026-06-13,Earnings Momentum,MYRG,445.72,MYR Group Inc.
2026-06-13,Contrarian,KLAC,254.54,KLA Corporation
2026-06-13,Contrarian,DUOL,122.63,"Duolingo, Inc."
2026-06-13,Contrarian,POOL,195,Pool Corporation
2026-06-13,Contrarian,FICO,1179.19,Fair Isaac Corporation
2026-06-13,Contrarian,MNDY,77.57,monday.com Ltd.
2026-06-14,IV Discount,HRB,36.52,"H&R Block, Inc."
2026-06-14,IV Discount,DLO,12.25,DLocal Limited
2026-06-14,IV Discount,PYPL,41.53,"PayPal Holdings, Inc."
2026-06-14,IV Discount,TRV,304.46,"The Travelers Companies, Inc."
2026-06-14,IV Discount,MMS,62.28,"Maximus, Inc."
2026-06-14,Quality Compounders,ADBE,204.02,Adobe Inc.
2026-06-14,Quality Compounders,DAVE,286.78,Dave Inc.
2026-06-14,Quality Compounders,NVDA,205.19,NVIDIA Corporation
2026-06-14,Quality Compounders,QLYS,111.24,"Qualys, Inc."
2026-06-14,Quality Compounders,DLO,12.25,DLocal Limited
2026-06-14,Stalwarts,LOPE,147.49,"Grand Canyon Education, Inc."
2026-06-14,Stalwarts,ADBE,204.02,Adobe Inc.
2026-06-14,Stalwarts,RYAAY,60.33,Ryanair Holdings plc
2026-06-14,Stalwarts,QLYS,111.24,"Qualys, Inc."
2026-06-14,Stalwarts,DECK,113.83,Deckers Outdoor Corporation
2026-06-14,Fast Growers,DAVE,286.78,Dave Inc.
2026-06-14,Fast Growers,DLO,12.25,DLocal Limited
2026-06-14,Fast Growers,ISSC,18.48,"Innovative Aerosystems, Inc."
2026-06-14,Fast Growers,XZO,13.1,"Exzeo Group, Inc."
2026-06-14,Fast Growers,PLMR,114.85,"Palomar Holdings, Inc."
2026-06-14,Turnarounds,DUOL,122.63,"Duolingo, Inc."
2026-06-14,Turnarounds,TKO,203.36,"TKO Group Holdings, Inc."
2026-06-14,Turnarounds,BILL,33.18,"Bill.com Holdings, Inc."
2026-06-14,Turnarounds,MNDY,77.57,monday.com Ltd.
2026-06-14,Turnarounds,CURB,30.96,Curbline Properties Corp.
2026-06-14,Slow Growers,SIGA,4.32,"SIGA Technologies, Inc."
2026-06-14,Slow Growers,ABEV,3.25,Ambev S.A.
2026-06-14,Slow Growers,NRT,7.67,North European Oil Royalty Trust
2026-06-14,Slow Growers,APAM,35.88,Artisan Partners Asset Management Inc.
2026-06-14,Slow Growers,BSM,13.97,"Black Stone Minerals, L.P."
2026-06-14,Cyclicals,OIS,8.5,"Oil States International, Inc."
2026-06-14,Cyclicals,MHK,107.64,"Mohawk Industries, Inc."
2026-06-14,Cyclicals,WGO,29.24,"Winnebago Industries, Inc."
2026-06-14,Cyclicals,JBI,5.35,"Janus International Group, Inc."
2026-06-14,Cyclicals,BTU,27.4,Peabody Energy Corporation
2026-06-14,Lynch 10-Baggers,ISSC,18.48,"Innovative Aerosystems, Inc."
2026-06-14,Lynch 10-Baggers,ADMA,8.21,"ADMA Biologics, Inc."
2026-06-14,Lynch 10-Baggers,MNTN,8.68,MNTN Inc.
2026-06-14,Lynch 10-Baggers,OPRA,18.18,Opera Limited
2026-06-14,Lynch 10-Baggers,ERII,8.33,"Energy Recovery, Inc."
2026-06-14,Off-the-Radar,BH,339.9,Biglari Holdings Inc.
2026-06-14,Off-the-Radar,ALKT,15.19,"Alkami Technology, Inc."
2026-06-14,Off-the-Radar,NATR,20.51,"Nature's Sunshine Products, Inc."
2026-06-14,Off-the-Radar,USNA,19.91,"USANA Health Sciences, Inc."
2026-06-14,Off-the-Radar,TXO,13.17,"TXO Partners, L.P."
2026-06-14,GARP,DAVE,286.78,Dave Inc.
2026-06-14,GARP,HCI,160.45,"HCI Group, Inc."
2026-06-14,GARP,ENVA,189.33,"Enova International, Inc."
2026-06-14,GARP,PFS,23.52,"Provident Financial Services, Inc."
2026-06-14,GARP,GEN,24.32,Gen Digital Inc.
2026-06-14,Earnings Momentum,NBIS,232.36,Nebius Group N.V.
2026-06-14,Earnings Momentum,LQDA,71.23,Liquidia Corporation
2026-06-14,Earnings Momentum,VICR,303.77,Vicor Corporation
2026-06-14,Earnings Momentum,PTEN,11.49,"Patterson-UTI Energy, Inc."
2026-06-14,Earnings Momentum,MYRG,445.72,MYR Group Inc.
2026-06-14,Contrarian,KLAC,254.54,KLA Corporation
2026-06-14,Contrarian,DUOL,122.63,"Duolingo, Inc."
2026-06-14,Contrarian,POOL,195,Pool Corporation
2026-06-14,Contrarian,FICO,1179.19,Fair Isaac Corporation
2026-06-14,Contrarian,MNDY,77.57,monday.com Ltd.
2026-06-23,IV Discount,HRB,35.66,"H&R Block, Inc."
2026-06-23,IV Discount,DLO,12.13,Dlocal Limited
2026-06-23,IV Discount,TRV,315.55,"The Travelers Companies, Inc."
2026-06-23,IV Discount,MMS,55.9,"Maximus, Inc."
2026-06-23,IV Discount,NRDS,8.36,"NerdWallet, Inc."
2026-06-23,Quality Compounders,ADBE,197.62,Adobe Inc.
2026-06-23,Quality Compounders,QLYS,113.77,"Qualys, Inc."
2026-06-23,Quality Compounders,DLO,12.13,Dlocal Limited
2026-06-23,Quality Compounders,EXEL,51.68,"Exelixis, Inc."
2026-06-23,Quality Compounders,DAVE,317.57,Dave Inc.
2026-06-23,Stalwarts,DECK,104.56,Deckers Outdoor Corporation
2026-06-23,Stalwarts,PTC,112.89,PTC Inc.
2026-06-23,Stalwarts,ACN,125.62,Accenture plc
2026-06-23,Stalwarts,ADBE,197.62,Adobe Inc.
2026-06-23,Stalwarts,PAYC,125.35,"Paycom Software, Inc."
2026-06-23,Fast Growers,DAVE,317.57,Dave Inc.
2026-06-23,Fast Growers,DLO,12.13,Dlocal Limited
2026-06-23,Fast Growers,XZO,13.56,"Exzeo Group, Inc."
2026-06-23,Fast Growers,PLMR,116.82,"Palomar Holdings, Inc."
2026-06-23,Fast Growers,RDDT,169.13,"Reddit, Inc."
2026-06-23,Turnarounds,TKO,201.86,"TKO Group Holdings, Inc."
2026-06-23,Turnarounds,AMTM,20.92,"Amentum Holdings, Inc."
2026-06-23,Turnarounds,DUOL,133.21,"Duolingo, Inc."
2026-06-23,Turnarounds,INSP,41.48,"Inspire Medical Systems, Inc."
2026-06-23,Turnarounds,BILL,32.28,"Bill.com Holdings, Inc."
2026-06-23,Slow Growers,SIGA,4.33,"SIGA Technologies, Inc."
2026-06-23,Slow Growers,ABEV,3.13,Ambev S.A.
2026-06-23,Slow Growers,NRT,7.12,North European Oil Royalty Trust
2026-06-23,Slow Growers,APAM,35.3,Artisan Partners Asset Management Inc.
2026-06-23,Slow Growers,BSM,14.13,"Black Stone Minerals, L.P."
2026-06-23,Cyclicals,MHK,109.09,"Mohawk Industries, Inc."
2026-06-23,Cyclicals,BTU,24.13,Peabody Energy Corporation
2026-06-23,Cyclicals,WGO,28.38,"Winnebago Industries, Inc."
2026-06-23,Cyclicals,JBI,5.25,"Janus International Group, Inc."
2026-06-23,Cyclicals,ADNT,20.15,Adient plc
2026-06-23,Lynch 10-Baggers,ADMA,8.69,"ADMA Biologics, Inc."
2026-06-23,Lynch 10-Baggers,MNTN,8.21,"MNTN, Inc Class A"
2026-06-23,Lynch 10-Baggers,OPRA,18.32,Opera Limited
2026-06-23,Lynch 10-Baggers,ERII,8.88,"Energy Recovery, Inc."
2026-06-23,Lynch 10-Baggers,DV,10.38,"DoubleVerify Holdings, Inc."
2026-06-23,Off-the-Radar,BH,343.29,Biglari Holdings Inc.
2026-06-23,Off-the-Radar,ALKT,14.98,"Alkami Technology, Inc."
2026-06-23,Off-the-Radar,NATR,20.81,"Nature's Sunshine Products, Inc."
2026-06-23,Off-the-Radar,GRNT,4.55,"Granite Ridge Resources, Inc"
2026-06-23,Off-the-Radar,TXO,12.61,"TXO Partners, L.P."
2026-06-23,GARP,DAVE,317.57,Dave Inc.
2026-06-23,GARP,HCI,171.57,"HCI Group, Inc."
2026-06-23,GARP,ORC,6.76,"Orchid Island Capital, Inc."
2026-06-23,GARP,PFS,23.23,"Provident Financial Services, Inc."
2026-06-23,GARP,ENVA,208.77,"Enova International, Inc."
2026-06-23,Earnings Momentum,ELA,27.26,Envela Corporation
2026-06-23,Earnings Momentum,CALY,17.97,Callaway Golf Company
2026-06-23,Earnings Momentum,MEI,13.54,"Methode Electronics, Inc."
2026-06-23,Earnings Momentum,OOMA,17.96,"Ooma, Inc."
2026-06-23,Earnings Momentum,AVNS,24.93,"Avanos Medical, Inc."
2026-06-23,Contrarian,BRBR,11.06,"BellRing Brands, Inc."
2026-06-23,Contrarian,DOCS,20.77,"Doximity, Inc."
2026-06-23,Contrarian,CRCT,4.37,"Cricut, Inc."
2026-06-23,Contrarian,GRND,13.21,Grindr Inc.
2026-06-23,Contrarian,FIG,19.55,"Figma, Inc."
2026-06-24,IV Discount,HRB,35.87,"H&R Block, Inc."
2026-06-24,IV Discount,DLO,12.15,Dlocal Limited
2026-06-24,IV Discount,TRV,316.96,"The Travelers Companies, Inc."
2026-06-24,IV Discount,MMS,55.92,"Maximus, Inc."
2026-06-24,IV Discount,NRDS,8.35,"NerdWallet, Inc."
2026-06-24,Quality Compounders,ADBE,197.43,Adobe Inc.
2026-06-24,Quality Compounders,QLYS,112.33,"Qualys, Inc."
2026-06-24,Quality Compounders,DLO,12.15,Dlocal Limited
2026-06-24,Quality Compounders,EXEL,51.34,"Exelixis, Inc."
2026-06-24,Quality Compounders,DAVE,317.97,Dave Inc.
2026-06-24,Stalwarts,DECK,103.63,Deckers Outdoor Corporation
2026-06-24,Stalwarts,PTC,112.33,PTC Inc.
2026-06-24,Stalwarts,ACN,127.01,Accenture plc
2026-06-24,Stalwarts,ADBE,197.43,Adobe Inc.
2026-06-24,Stalwarts,PAYC,124.28,"Paycom Software, Inc."
2026-06-24,Fast Growers,DAVE,317.97,Dave Inc.
2026-06-24,Fast Growers,DLO,12.15,Dlocal Limited
2026-06-24,Fast Growers,XZO,13.61,"Exzeo Group, Inc."
2026-06-24,Fast Growers,PLMR,116.08,"Palomar Holdings, Inc."
2026-06-24,Fast Growers,RDDT,165.54,"Reddit, Inc."
2026-06-24,Turnarounds,TKO,202.7,"TKO Group Holdings, Inc."
2026-06-24,Turnarounds,AMTM,20.96,"Amentum Holdings, Inc."
2026-06-24,Turnarounds,DUOL,132.18,"Duolingo, Inc."
2026-06-24,Turnarounds,INSP,41.75,"Inspire Medical Systems, Inc."
2026-06-24,Turnarounds,BILL,32.29,"Bill.com Holdings, Inc."
2026-06-24,Slow Growers,SIGA,4.3,"SIGA Technologies, Inc."
2026-06-24,Slow Growers,ABEV,3.16,Ambev S.A.
2026-06-24,Slow Growers,NRT,7.38,North European Oil Royalty Trust
2026-06-24,Slow Growers,APAM,35.43,Artisan Partners Asset Management Inc.
2026-06-24,Slow Growers,BSM,14.18,"Black Stone Minerals, L.P."
2026-06-24,Cyclicals,MHK,108.66,"Mohawk Industries, Inc."
2026-06-24,Cyclicals,BTU,24.24,Peabody Energy Corporation
2026-06-24,Cyclicals,WGO,28.28,"Winnebago Industries, Inc."
2026-06-24,Cyclicals,JBI,5.25,"Janus International Group, Inc."
2026-06-24,Cyclicals,RHI,29.33,Robert Half Inc.
2026-06-24,Lynch 10-Baggers,MNTN,8.44,"MNTN, Inc Class A"
2026-06-24,Lynch 10-Baggers,OPRA,18.28,Opera Limited
2026-06-24,Lynch 10-Baggers,ERII,8.86,"Energy Recovery, Inc."
2026-06-24,Lynch 10-Baggers,DV,10.44,"DoubleVerify Holdings, Inc."
2026-06-24,Lynch 10-Baggers,VITL,10.68,"Vital Farms, Inc."
2026-06-24,Off-the-Radar,BH,345.47,Biglari Holdings Inc.
2026-06-24,Off-the-Radar,ALKT,15.05,"Alkami Technology, Inc."
2026-06-24,Off-the-Radar,NATR,20.79,"Nature's Sunshine Products, Inc."
2026-06-24,Off-the-Radar,GRNT,4.56,"Granite Ridge Resources, Inc"
2026-06-24,Off-the-Radar,TXO,12.71,"TXO Partners, L.P."
2026-06-24,GARP,DAVE,317.97,Dave Inc.
2026-06-24,GARP,HCI,172.74,"HCI Group, Inc."
2026-06-24,GARP,ORC,6.77,"Orchid Island Capital, Inc."
2026-06-24,GARP,PFS,23.38,"Provident Financial Services, Inc."
2026-06-24,GARP,ENVA,210.99,"Enova International, Inc."
2026-06-24,Earnings Momentum,CALY,17.92,Callaway Golf Company
2026-06-24,Earnings Momentum,ELA,26.81,Envela Corporation
2026-06-24,Earnings Momentum,MEI,13.4,"Methode Electronics, Inc."
2026-06-24,Earnings Momentum,OOMA,18.07,"Ooma, Inc."
2026-06-24,Earnings Momentum,AVNS,24.93,"Avanos Medical, Inc."
2026-06-24,Contrarian,XZO,13.61,"Exzeo Group, Inc."
2026-06-24,Contrarian,BRBR,11.27,"BellRing Brands, Inc."
2026-06-24,Contrarian,BMI,127.81,"Badger Meter, Inc."
2026-06-24,Contrarian,CRCT,4.35,"Cricut, Inc."
2026-06-24,Contrarian,GRND,13.14,Grindr Inc.
2026-06-24,Slow Growers,AB,34.99,AllianceBernstein Holding L.P.
2026-06-24,Cyclicals,ADNT,20.29,Adient plc
2026-06-24,Off-the-Radar,VLN,2.06,Valens Semiconductor Ltd.
2026-06-24,Off-the-Radar,CMCL,19.83,Caledonia Mining Corporation Plc
2026-06-24,Earnings Momentum,MOV,38.94,"Movado Group, Inc."
2026-06-24,Contrarian,ADMA,8.78,"ADMA Biologics, Inc."
2026-06-24,Contrarian,YELP,23.19,Yelp Inc.
2026-06-24,Contrarian,FVRR,10.6,Fiverr International Ltd.
2026-06-25,IV Discount,HRB,36.33,"H&R Block, Inc."
2026-06-25,IV Discount,DLO,12.28,Dlocal Limited
2026-06-25,IV Discount,TRV,320.74,"The Travelers Companies, Inc."
2026-06-25,IV Discount,MMS,56.78,"Maximus, Inc."
2026-06-25,IV Discount,NRDS,8.62,"NerdWallet, Inc."
2026-06-25,Quality Compounders,ADBE,196.57,Adobe Inc.
2026-06-25,Quality Compounders,QLYS,115.34,"Qualys, Inc."
2026-06-25,Quality Compounders,DLO,12.28,Dlocal Limited
2026-06-25,Quality Compounders,EXEL,52.87,"Exelixis, Inc."
2026-06-25,Quality Compounders,DAVE,323.22,Dave Inc.
2026-06-25,Stalwarts,DECK,105.7,Deckers Outdoor Corporation
2026-06-25,Stalwarts,PTC,112.93,PTC Inc.
2026-06-25,Stalwarts,ACN,129.15,Accenture plc
2026-06-25,Stalwarts,ADBE,196.57,Adobe Inc.
2026-06-25,Stalwarts,PAYC,127.22,"Paycom Software, Inc."
2026-06-25,Fast Growers,DAVE,323.22,Dave Inc.
2026-06-25,Fast Growers,DLO,12.28,Dlocal Limited
2026-06-25,Fast Growers,XZO,14.43,"Exzeo Group, Inc."
2026-06-25,Fast Growers,PLMR,118.91,"Palomar Holdings, Inc."
2026-06-25,Fast Growers,RDDT,160.65,"Reddit, Inc."
2026-06-25,Turnarounds,TKO,203.51,"TKO Group Holdings, Inc."
2026-06-25,Turnarounds,AMTM,20.38,"Amentum Holdings, Inc."
2026-06-25,Turnarounds,DUOL,132.15,"Duolingo, Inc."
2026-06-25,Turnarounds,INSP,43.2,"Inspire Medical Systems, Inc."
2026-06-25,Turnarounds,BILL,33.46,"Bill.com Holdings, Inc."
2026-06-25,Slow Growers,SIGA,4.32,"SIGA Technologies, Inc."
2026-06-25,Slow Growers,ABEV,3.13,Ambev S.A.
2026-06-25,Slow Growers,NRT,7.32,North European Oil Royalty Trust
2026-06-25,Slow Growers,AB,35.16,AllianceBernstein Holding L.P.
2026-06-25,Slow Growers,APAM,34.85,Artisan Partners Asset Management Inc.
2026-06-25,Cyclicals,MHK,119.09,"Mohawk Industries, Inc."
2026-06-25,Cyclicals,BTU,23.29,Peabody Energy Corporation
2026-06-25,Cyclicals,WGO,27.27,"Winnebago Industries, Inc."
2026-06-25,Cyclicals,JBI,5.56,"Janus International Group, Inc."
2026-06-25,Cyclicals,ADNT,20.27,Adient plc
2026-06-25,Lynch 10-Baggers,MNTN,8.38,"MNTN, Inc Class A"
2026-06-25,Lynch 10-Baggers,OPRA,18.29,Opera Limited
2026-06-25,Lynch 10-Baggers,ERII,8.77,"Energy Recovery, Inc."
2026-06-25,Lynch 10-Baggers,DV,10.35,"DoubleVerify Holdings, Inc."
2026-06-25,Lynch 10-Baggers,VITL,11.11,"Vital Farms, Inc."
2026-06-25,Off-the-Radar,BH,359.51,Biglari Holdings Inc.
2026-06-25,Off-the-Radar,ALKT,15.95,"Alkami Technology, Inc."
2026-06-25,Off-the-Radar,NATR,20.86,"Nature's Sunshine Products, Inc."
2026-06-25,Off-the-Radar,TXO,12.34,"TXO Partners, L.P."
2026-06-25,Off-the-Radar,VLN,2.02,Valens Semiconductor Ltd.
2026-06-25,GARP,DAVE,323.22,Dave Inc.
2026-06-25,GARP,HCI,174.97,"HCI Group, Inc."
2026-06-25,GARP,ORC,6.81,"Orchid Island Capital, Inc."
2026-06-25,GARP,PFS,23.37,"Provident Financial Services, Inc."
2026-06-25,GARP,ENVA,216.58,"Enova International, Inc."
2026-06-25,Earnings Momentum,CALY,18.08,Callaway Golf Company
2026-06-25,Earnings Momentum,ELA,26.68,Envela Corporation
2026-06-25,Earnings Momentum,MEI,13.09,"Methode Electronics, Inc."
2026-06-25,Earnings Momentum,OOMA,18.49,"Ooma, Inc."
2026-06-25,Earnings Momentum,AVNS,24.95,"Avanos Medical, Inc."
2026-06-25,Contrarian,BRBR,11.91,"BellRing Brands, Inc."
2026-06-25,Contrarian,XZO,14.43,"Exzeo Group, Inc."
2026-06-25,Contrarian,DOCS,20.83,"Doximity, Inc."
2026-06-25,Contrarian,FICO,1140.34,Fair Isaac Corporation
2026-06-25,Contrarian,INSP,43.2,"Inspire Medical Systems, Inc."
2026-06-25,Fast Growers,ISSC,17.17,"Innovative Aerosystems, Inc."
2026-06-25,Slow Growers,BSM,14.06,"Black Stone Minerals, L.P."
2026-06-25,Slow Growers,BKE,43.34,"The Buckle, Inc."
2026-06-25,Cyclicals,RHI,30.48,Robert Half Inc.
2026-06-25,Lynch 10-Baggers,ISSC,17.17,"Innovative Aerosystems, Inc."
2026-06-29,IV Discount,HRB,37.95,"H&R Block, Inc."
2026-06-29,IV Discount,DLO,12.96,Dlocal Limited
2026-06-29,IV Discount,TRV,329.21,"The Travelers Companies, Inc."
2026-06-29,IV Discount,MMS,53.94,"Maximus, Inc."
2026-06-29,IV Discount,NRDS,9.12,"NerdWallet, Inc."
2026-06-29,Quality Compounders,ADBE,204.43,Adobe Inc.
2026-06-29,Quality Compounders,QLYS,127.69,"Qualys, Inc."
2026-06-29,Quality Compounders,DLO,12.96,Dlocal Limited
2026-06-29,Quality Compounders,EXEL,54.58,"Exelixis, Inc."
2026-06-29,Quality Compounders,DAVE,358.31,Dave Inc.
2026-06-29,Stalwarts,DECK,102.49,Deckers Outdoor Corporation
2026-06-29,Stalwarts,PTC,114.03,PTC Inc.
2026-06-29,Stalwarts,ACN,124.95,Accenture plc
2026-06-29,Stalwarts,ADBE,204.43,Adobe Inc.
2026-06-29,Stalwarts,PAYC,127.86,"Paycom Software, Inc."
2026-06-29,Fast Growers,DAVE,358.31,Dave Inc.
2026-06-29,Fast Growers,DLO,12.96,Dlocal Limited
2026-06-29,Fast Growers,ISSC,18.05,"Innovative Aerosystems, Inc."
2026-06-29,Fast Growers,XZO,16.62,"Exzeo Group, Inc."
2026-06-29,Fast Growers,PLMR,125.23,"Palomar Holdings, Inc."
2026-06-29,Turnarounds,TKO,211.59,"TKO Group Holdings, Inc."
2026-06-29,Turnarounds,AMTM,20.12,"Amentum Holdings, Inc."
2026-06-29,Turnarounds,DUOL,116.3,"Duolingo, Inc."
2026-06-29,Turnarounds,INSP,44.51,"Inspire Medical Systems, Inc."
2026-06-29,Turnarounds,BILL,35.54,"Bill.com Holdings, Inc."
2026-06-29,Slow Growers,ABEV,3.2,Ambev S.A.
2026-06-29,Slow Growers,NRT,6.96,North European Oil Royalty Trust
2026-06-29,Slow Growers,AB,35.22,AllianceBernstein Holding L.P.
2026-06-29,Slow Growers,APAM,34.67,Artisan Partners Asset Management Inc.
2026-06-29,Slow Growers,BSM,14.02,"Black Stone Minerals, L.P."
2026-06-29,Cyclicals,MHK,117.43,"Mohawk Industries, Inc."
2026-06-29,Cyclicals,BTU,23.02,Peabody Energy Corporation
2026-06-29,Cyclicals,JBI,5.45,"Janus International Group, Inc."
2026-06-29,Cyclicals,WGO,31.12,"Winnebago Industries, Inc."
2026-06-29,Cyclicals,ADNT,18.55,Adient plc
2026-06-29,Lynch 10-Baggers,ISSC,18.05,"Innovative Aerosystems, Inc."
2026-06-29,Lynch 10-Baggers,ADMA,8.39,"ADMA Biologics, Inc."
2026-06-29,Lynch 10-Baggers,MNTN,9.19,"MNTN, Inc Class A"
2026-06-29,Lynch 10-Baggers,ERII,8.8,"Energy Recovery, Inc."
2026-06-29,Lynch 10-Baggers,OPRA,19.75,Opera Limited
2026-06-29,Off-the-Radar,ALKT,16.45,"Alkami Technology, Inc."
2026-06-29,Off-the-Radar,BH,433.11,Biglari Holdings Inc.
2026-06-29,Off-the-Radar,NATR,20.92,"Nature's Sunshine Products, Inc."
2026-06-29,Off-the-Radar,GRNT,4.46,"Granite Ridge Resources, Inc"
2026-06-29,Off-the-Radar,VLN,2.2,Valens Semiconductor Ltd.
2026-06-29,GARP,DAVE,358.31,Dave Inc.
2026-06-29,GARP,HCI,178.39,"HCI Group, Inc."
2026-06-29,GARP,JCAP,19.16,"Jefferson Capital, Inc. Common Stock"
2026-06-29,GARP,ORC,6.88,"Orchid Island Capital, Inc."
2026-06-29,GARP,PFS,23.4,"Provident Financial Services, Inc."
2026-06-29,Earnings Momentum,CALY,19.27,Callaway Golf Company
2026-06-29,Earnings Momentum,ELA,28.11,Envela Corporation
2026-06-29,Earnings Momentum,MEI,19.2,"Methode Electronics, Inc."
2026-06-29,Earnings Momentum,OOMA,19.17,"Ooma, Inc."
2026-06-29,Earnings Momentum,AVNS,24.91,"Avanos Medical, Inc."
2026-06-29,Contrarian,BRBR,11.89,"BellRing Brands, Inc."
2026-06-29,Contrarian,MNTN,9.19,"MNTN, Inc Class A"
2026-06-29,Contrarian,KD,11.36,"Kyndryl Holdings, Inc."
2026-06-29,Contrarian,DOCS,20.23,"Doximity, Inc."
2026-06-29,Contrarian,FICO,1179.05,Fair Isaac Corporation
2026-06-29,Off-the-Radar,USNA,21.4,"USANA Health Sciences, Inc."
2026-06-29,Off-the-Radar,GNE,14.38,Genie Energy Ltd.
2026-06-29,Earnings Momentum,MOV,39.51,"Movado Group, Inc."
2026-06-30,IV Discount,HRB,38.22,"H&R Block, Inc."
2026-06-30,IV Discount,DLO,12.85,Dlocal Limited
2026-06-30,IV Discount,TRV,331.88,"The Travelers Companies, Inc."
2026-06-30,IV Discount,MMS,54.46,"Maximus, Inc."
2026-06-30,IV Discount,NRDS,9.39,"NerdWallet, Inc."
2026-06-30,Quality Compounders,ADBE,206.43,Adobe Inc.
2026-06-30,Quality Compounders,QLYS,128.32,"Qualys, Inc."
2026-06-30,Quality Compounders,DLO,12.85,Dlocal Limited
2026-06-30,Quality Compounders,EXEL,54.28,"Exelixis, Inc."
2026-06-30,Quality Compounders,DAVE,371.62,Dave Inc.
2026-06-30,Stalwarts,DECK,101.28,Deckers Outdoor Corporation
2026-06-30,Stalwarts,PTC,113.89,PTC Inc.
2026-06-30,Stalwarts,ACN,124.74,Accenture plc
2026-06-30,Stalwarts,ADBE,206.43,Adobe Inc.
2026-06-30,Stalwarts,PAYC,127.18,"Paycom Software, Inc."
2026-06-30,Fast Growers,DAVE,371.62,Dave Inc.
2026-06-30,Fast Growers,DLO,12.85,Dlocal Limited
2026-06-30,Fast Growers,ISSC,18.06,"Innovative Aerosystems, Inc."
2026-06-30,Fast Growers,XZO,17.04,"Exzeo Group, Inc."
2026-06-30,Fast Growers,PLMR,126.33,"Palomar Holdings, Inc."
2026-06-30,Turnarounds,TKO,211.62,"TKO Group Holdings, Inc."
2026-06-30,Turnarounds,AMTM,20.23,"Amentum Holdings, Inc."
2026-06-30,Turnarounds,DUOL,116.03,"Duolingo, Inc."
2026-06-30,Turnarounds,INSP,44.93,"Inspire Medical Systems, Inc."
2026-06-30,Turnarounds,BILL,35.93,"Bill.com Holdings, Inc."
2026-06-30,Slow Growers,ABEV,3.18,Ambev S.A.
2026-06-30,Slow Growers,NRT,6.98,North European Oil Royalty Trust
2026-06-30,Slow Growers,AB,35.1,AllianceBernstein Holding L.P.
2026-06-30,Slow Growers,APAM,34.99,Artisan Partners Asset Management Inc.
2026-06-30,Slow Growers,BSM,13.97,"Black Stone Minerals, L.P."
2026-06-30,Cyclicals,MHK,118.77,"Mohawk Industries, Inc."
2026-06-30,Cyclicals,BTU,23.28,Peabody Energy Corporation
2026-06-30,Cyclicals,JBI,5.62,"Janus International Group, Inc."
2026-06-30,Cyclicals,WGO,31.52,"Winnebago Industries, Inc."
2026-06-30,Cyclicals,ADNT,18.18,Adient plc
2026-06-30,Lynch 10-Baggers,ISSC,18.06,"Innovative Aerosystems, Inc."
2026-06-30,Lynch 10-Baggers,ADMA,8.37,"ADMA Biologics, Inc."
2026-06-30,Lynch 10-Baggers,MNTN,9.03,"MNTN, Inc Class A"
2026-06-30,Lynch 10-Baggers,ERII,8.81,"Energy Recovery, Inc."
2026-06-30,Lynch 10-Baggers,OPRA,19.81,Opera Limited
2026-06-30,Off-the-Radar,ALKT,17,"Alkami Technology, Inc."
2026-06-30,Off-the-Radar,GRNT,4.44,"Granite Ridge Resources, Inc"
2026-06-30,Off-the-Radar,TXO,12.38,"TXO Partners, L.P."
2026-06-30,Off-the-Radar,VLN,2.17,Valens Semiconductor Ltd.
2026-06-30,Off-the-Radar,CMCL,19.43,Caledonia Mining Corporation Plc
2026-06-30,GARP,DAVE,371.62,Dave Inc.
2026-06-30,GARP,HCI,178.41,"HCI Group, Inc."
2026-06-30,GARP,JCAP,19.5,"Jefferson Capital, Inc. Common Stock"
2026-06-30,GARP,LYFT,15.25,"Lyft, Inc."
2026-06-30,GARP,ORC,6.97,"Orchid Island Capital, Inc."
2026-06-30,Earnings Momentum,CALY,19.21,Callaway Golf Company
2026-06-30,Earnings Momentum,ELA,28.62,Envela Corporation
2026-06-30,Earnings Momentum,MEI,19.28,"Methode Electronics, Inc."
2026-06-30,Earnings Momentum,OOMA,19.44,"Ooma, Inc."
2026-06-30,Earnings Momentum,AVNS,24.93,"Avanos Medical, Inc."
2026-06-30,Contrarian,BRBR,12.38,"BellRing Brands, Inc."
2026-06-30,Contrarian,MNTN,9.03,"MNTN, Inc Class A"
2026-06-30,Contrarian,DOCS,20.59,"Doximity, Inc."
2026-06-30,Contrarian,FICO,1177.52,Fair Isaac Corporation
2026-06-30,Contrarian,INSP,44.93,"Inspire Medical Systems, Inc."
2026-07-01,IV Discount,HRB,38.08,"H&R Block, Inc."
2026-07-01,IV Discount,DLO,12.99,Dlocal Limited
2026-07-01,IV Discount,TRV,330.12,"The Travelers Companies, Inc."
2026-07-01,IV Discount,MMS,53.76,"Maximus, Inc."
2026-07-01,IV Discount,NRDS,9.25,"NerdWallet, Inc."
2026-07-01,Quality Compounders,ADBE,205.02,Adobe Inc.
2026-07-01,Quality Compounders,QLYS,137.49,"Qualys, Inc."
2026-07-01,Quality Compounders,DLO,12.99,Dlocal Limited
2026-07-01,Quality Compounders,EXEL,54.41,"Exelixis, Inc."
2026-07-01,Quality Compounders,DAVE,372.59,Dave Inc.
2026-07-01,Stalwarts,DECK,99.29,Deckers Outdoor Corporation
2026-07-01,Stalwarts,PTC,113.61,PTC Inc.
2026-07-01,Stalwarts,ACN,124.44,Accenture plc
2026-07-01,Stalwarts,ADBE,205.02,Adobe Inc.
2026-07-01,Stalwarts,PAYC,125.68,"Paycom Software, Inc."
2026-07-01,Fast Growers,DAVE,372.59,Dave Inc.
2026-07-01,Fast Growers,DLO,12.99,Dlocal Limited
2026-07-01,Fast Growers,ISSC,18,"Innovative Aerosystems, Inc."
2026-07-01,Fast Growers,XZO,16.87,"Exzeo Group, Inc."
2026-07-01,Fast Growers,PLMR,126.39,"Palomar Holdings, Inc."
2026-07-01,Turnarounds,TKO,201.31,"TKO Group Holdings, Inc."
2026-07-01,Turnarounds,AMTM,20.67,"Amentum Holdings, Inc."
2026-07-01,Turnarounds,DUOL,115.02,"Duolingo, Inc."
2026-07-01,Turnarounds,INSP,44.61,"Inspire Medical Systems, Inc."
2026-07-01,Turnarounds,BILL,36.16,"Bill.com Holdings, Inc."
2026-07-01,Slow Growers,ABEV,3.14,Ambev S.A.
2026-07-01,Slow Growers,NRT,7.31,North European Oil Royalty Trust
2026-07-01,Slow Growers,AB,35.22,AllianceBernstein Holding L.P.
2026-07-01,Slow Growers,APAM,34.53,Artisan Partners Asset Management Inc.
2026-07-01,Slow Growers,BSM,13.97,"Black Stone Minerals, L.P."
2026-07-01,Cyclicals,MHK,121.33,"Mohawk Industries, Inc."
2026-07-01,Cyclicals,BTU,23.12,Peabody Energy Corporation
2026-07-01,Cyclicals,JBI,5.55,"Janus International Group, Inc."
2026-07-01,Cyclicals,WGO,31.24,"Winnebago Industries, Inc."
2026-07-01,Cyclicals,ADNT,18.38,Adient plc
2026-07-01,Lynch 10-Baggers,ISSC,18,"Innovative Aerosystems, Inc."
2026-07-01,Lynch 10-Baggers,ADMA,8.37,"ADMA Biologics, Inc."
2026-07-01,Lynch 10-Baggers,MNTN,9.2,"MNTN, Inc Class A"
2026-07-01,Lynch 10-Baggers,ERII,9.02,"Energy Recovery, Inc."
2026-07-01,Lynch 10-Baggers,OPRA,19.83,Opera Limited
2026-07-01,Off-the-Radar,ALKT,18.12,"Alkami Technology, Inc."
2026-07-01,Off-the-Radar,BH,426.03,Biglari Holdings Inc.
2026-07-01,Off-the-Radar,GRNT,4.41,"Granite Ridge Resources, Inc"
2026-07-01,Off-the-Radar,TXO,12.5,"TXO Partners, L.P."
2026-07-01,Off-the-Radar,VLN,2.26,Valens Semiconductor Ltd.
2026-07-01,GARP,DAVE,372.59,Dave Inc.
2026-07-01,GARP,HCI,175.25,"HCI Group, Inc."
2026-07-01,GARP,PGY,18.25,Pagaya Technologies Ltd.
2026-07-01,GARP,JCAP,19.47,"Jefferson Capital, Inc. Common Stock"
2026-07-01,GARP,ORC,6.97,"Orchid Island Capital, Inc."
2026-07-01,Earnings Momentum,ELA,28.88,Envela Corporation
2026-07-01,Earnings Momentum,CALY,18.79,Callaway Golf Company
2026-07-01,Earnings Momentum,MEI,18.97,"Methode Electronics, Inc."
2026-07-01,Earnings Momentum,OOMA,19.22,"Ooma, Inc."
2026-07-01,Earnings Momentum,AVNS,24.88,"Avanos Medical, Inc."
2026-07-01,Contrarian,BRBR,12.94,"BellRing Brands, Inc."
2026-07-01,Contrarian,MNTN,9.2,"MNTN, Inc Class A"
2026-07-01,Contrarian,KD,11.31,"Kyndryl Holdings, Inc."
2026-07-01,Contrarian,DOCS,20.74,"Doximity, Inc."
2026-07-01,Contrarian,FICO,1194.78,Fair Isaac Corporation
